"Time (ms)","Sweep 26. Voltage (mV)","Sweep 27. Voltage (mV)","Sweep 28. Voltage (mV)","Sweep 29. Voltage (mV)","Sweep 30. Voltage (mV)"
0,-64.6972625520449,-64.6972625520449,-64.6972625520449,-64.39208678529,-64.6972625520449
0.5,-64.39208678529,-64.39208678529,-64.39208678529,-64.6972625520449,-64.6972625520449
1,-64.6972625520449,-64.39208678529,-64.6972625520449,-64.39208678529,-64.6972625520449
1.5,-64.6972625520449,-64.39208678529,-64.6972625520449,-64.39208678529,-64.39208678529
2,-64.6972625520449,-64.39208678529,-64.6972625520449,-64.39208678529,-64.39208678529
2.5,-64.6972625520449,-64.39208678529,-64.39208678529,-64.39208678529,-64.6972625520449
3,-64.39208678529,-64.39208678529,-64.6972625520449,-64.39208678529,-64.39208678529
3.5,-64.39208678529,-64.39208678529,-64.39208678529,-64.39208678529,-64.39208678529
4,-64.39208678529,-64.39208678529,-64.39208678529,-64.0869110185351,-64.39208678529
4.5,-64.39208678529,-64.39208678529,-64.39208678529,-64.39208678529,-64.39208678529
5,-64.39208678529,-64.39208678529,-64.39208678529,-64.39208678529,-64.39208678529
5.5,-64.39208678529,-64.39208678529,-64.39208678529,-64.0869110185351,-64.0869110185351
6,-64.39208678529,-64.39208678529,-64.39208678529,-64.39208678529,-64.39208678529
6.5,-64.39208678529,-64.0869110185351,-64.0869110185351,-64.0869110185351,-64.39208678529
7,-64.0869110185351,-64.0869110185351,-64.39208678529,-64.0869110185351,-64.39208678529
7.5,-64.0869110185351,-64.39208678529,-64.39208678529,-64.0869110185351,-64.0869110185351
8,-64.39208678529,-64.39208678529,-64.0869110185351,-64.0869110185351,-64.0869110185351
8.5,-64.0869110185351,-64.0869110185351,-64.0869110185351,-64.0869110185351,-64.39208678529
9,-64.0869110185351,-64.0869110185351,-64.0869110185351,-64.0869110185351,-64.0869110185351
9.5,-64.0869110185351,-64.39208678529,-64.39208678529,-64.0869110185351,-64.39208678529
10,-64.39208678529,-64.39208678529,-64.39208678529,-64.0869110185351,-64.0869110185351
10.5,-64.0869110185351,-64.0869110185351,-64.0869110185351,-63.7817352517801,-64.0869110185351
11,-64.0869110185351,-64.0869110185351,-64.0869110185351,-64.0869110185351,-64.0869110185351
11.5,-64.0869110185351,-64.0869110185351,-64.0869110185351,-63.7817352517801,-63.7817352517801
12,-64.0869110185351,-64.0869110185351,-64.0869110185351,-63.7817352517801,-64.0869110185351
12.5,-64.0869110185351,-64.0869110185351,-64.0869110185351,-63.7817352517801,-64.0869110185351
13,-64.0869110185351,-63.7817352517801,-64.0869110185351,-63.7817352517801,-64.0869110185351
13.5,-64.0869110185351,-64.0869110185351,-64.0869110185351,-64.0869110185351,-64.0869110185351
14,-64.39208678529,-64.39208678529,-64.39208678529,-64.39208678529,-64.39208678529
14.5,-64.39208678529,-64.39208678529,-64.39208678529,-64.0869110185351,-64.39208678529
15,-64.39208678529,-64.0869110185351,-64.39208678529,-64.39208678529,-64.39208678529
15.5,-64.39208678529,-64.0869110185351,-64.39208678529,-64.39208678529,-64.39208678529
16,-64.0869110185351,-64.39208678529,-64.39208678529,-64.0869110185351,-64.39208678529
16.5,-64.39208678529,-64.39208678529,-64.39208678529,-64.0869110185351,-64.39208678529
17,-64.39208678529,-64.39208678529,-64.39208678529,-64.0869110185351,-64.39208678529
17.5,-64.6972625520449,-64.39208678529,-64.39208678529,-64.39208678529,-64.6972625520449
18,-64.39208678529,-64.6972625520449,-64.39208678529,-64.39208678529,-64.39208678529
18.5,-64.39208678529,-64.39208678529,-64.39208678529,-64.0869110185351,-64.39208678529
19,-64.39208678529,-64.0869110185351,-64.39208678529,-64.0869110185351,-64.39208678529
19.5,-64.39208678529,-64.39208678529,-64.39208678529,-64.39208678529,-64.6972625520449
20,-64.6972625520449,-64.6972625520449,-64.6972625520449,-64.6972625520449,-64.6972625520449
20.5,-64.6972625520449,-64.39208678529,-64.39208678529,-64.39208678529,-64.6972625520449
21,-64.6972625520449,-64.39208678529,-64.39208678529,-64.39208678529,-64.39208678529
21.5,-64.39208678529,-64.39208678529,-64.39208678529,-64.39208678529,-64.39208678529
22,-64.39208678529,-64.39208678529,-64.39208678529,-64.39208678529,-64.39208678529
22.5,-64.39208678529,-64.39208678529,-64.39208678529,-64.39208678529,-64.39208678529
23,-64.6972625520449,-64.39208678529,-64.39208678529,-64.39208678529,-64.39208678529
23.5,-64.39208678529,-64.39208678529,-64.39208678529,-64.39208678529,-64.39208678529
24,-64.39208678529,-64.39208678529,-64.39208678529,-64.39208678529,-64.39208678529
24.5,-64.39208678529,-64.39208678529,-64.39208678529,-64.39208678529,-64.39208678529
25,-64.39208678529,-64.39208678529,-64.0869110185351,-64.0869110185351,-64.0869110185351
25.5,-64.39208678529,-64.0869110185351,-64.0869110185351,-64.0869110185351,-64.0869110185351
26,-64.39208678529,-64.0869110185351,-64.0869110185351,-64.39208678529,-64.39208678529
26.5,-64.39208678529,-64.39208678529,-64.39208678529,-64.0869110185351,-64.0869110185351
27,-64.0869110185351,-64.0869110185351,-64.0869110185351,-64.0869110185351,-64.0869110185351
27.5,-64.39208678529,-64.0869110185351,-64.0869110185351,-64.0869110185351,-64.39208678529
28,-64.39208678529,-64.0869110185351,-64.0869110185351,-64.0869110185351,-64.39208678529
28.5,-64.0869110185351,-64.0869110185351,-64.39208678529,-64.0869110185351,-64.0869110185351
29,-64.0869110185351,-64.0869110185351,-64.0869110185351,-64.0869110185351,-64.0869110185351
29.5,-64.0869110185351,-64.0869110185351,-64.0869110185351,-64.0869110185351,-64.0869110185351
30,-64.0869110185351,-64.0869110185351,-64.0869110185351,-64.0869110185351,-64.39208678529
30.5,-64.0869110185351,-64.0869110185351,-64.0869110185351,-63.7817352517801,-64.0869110185351
31,-64.0869110185351,-64.0869110185351,-63.7817352517801,-63.7817352517801,-63.7817352517801
31.5,-64.0869110185351,-64.0869110185351,-64.0869110185351,-63.7817352517801,-64.0869110185351
32,-64.0869110185351,-64.0869110185351,-63.7817352517801,-64.0869110185351,-64.0869110185351
32.5,-64.0869110185351,-63.7817352517801,-64.0869110185351,-64.0869110185351,-64.0869110185351
33,-63.7817352517801,-64.0869110185351,-64.0869110185351,-63.7817352517801,-64.0869110185351
33.5,-64.0869110185351,-64.0869110185351,-64.0869110185351,-64.0869110185351,-64.0869110185351
34,-64.39208678529,-64.0869110185351,-64.0869110185351,-64.0869110185351,-64.39208678529
34.5,-64.39208678529,-64.0869110185351,-64.39208678529,-64.39208678529,-64.39208678529
35,-64.39208678529,-64.39208678529,-64.39208678529,-64.39208678529,-64.39208678529
35.5,-64.39208678529,-64.39208678529,-64.0869110185351,-64.0869110185351,-64.39208678529
36,-64.39208678529,-64.0869110185351,-64.0869110185351,-64.0869110185351,-64.39208678529
36.5,-64.39208678529,-64.39208678529,-64.39208678529,-64.39208678529,-64.39208678529
37,-64.39208678529,-64.6972625520449,-64.39208678529,-64.39208678529,-64.39208678529
37.5,-64.39208678529,-64.6972625520449,-64.39208678529,-64.39208678529,-64.39208678529
38,-64.6972625520449,-64.39208678529,-64.39208678529,-64.39208678529,-64.6972625520449
38.5,-64.0869110185351,-64.0869110185351,-64.39208678529,-64.0869110185351,-64.6972625520449
39,-64.0869110185351,-64.0869110185351,-64.39208678529,-64.0869110185351,-64.39208678529
39.5,-64.39208678529,-64.39208678529,-64.39208678529,-64.39208678529,-64.39208678529
40,-64.6972625520449,-64.6972625520449,-64.6972625520449,-64.39208678529,-64.39208678529
40.5,-64.6972625520449,-64.39208678529,-64.6972625520449,-64.39208678529,-64.6972625520449
41,-64.39208678529,-64.39208678529,-64.6972625520449,-64.39208678529,-64.39208678529
41.5,-64.39208678529,-64.39208678529,-64.39208678529,-64.39208678529,-64.39208678529
42,-64.39208678529,-64.39208678529,-64.39208678529,-64.39208678529,-64.39208678529
42.5,-64.39208678529,-64.39208678529,-64.39208678529,-64.39208678529,-64.6972625520449
43,-64.39208678529,-64.39208678529,-64.39208678529,-64.39208678529,-64.39208678529
43.5,-64.39208678529,-64.6972625520449,-64.39208678529,-64.39208678529,-64.6972625520449
44,-64.39208678529,-64.39208678529,-64.39208678529,-64.0869110185351,-64.39208678529
44.5,-64.39208678529,-64.39208678529,-64.39208678529,-64.0869110185351,-64.39208678529
45,-64.39208678529,-64.39208678529,-64.39208678529,-64.39208678529,-64.39208678529
45.5,-64.0869110185351,-64.39208678529,-64.39208678529,-64.0869110185351,-64.39208678529
46,-64.39208678529,-64.39208678529,-64.39208678529,-64.0869110185351,-64.39208678529
46.5,-64.39208678529,-64.39208678529,-64.0869110185351,-64.0869110185351,-64.0869110185351
47,-64.0869110185351,-64.0869110185351,-64.0869110185351,-64.0869110185351,-64.39208678529
47.5,-64.0869110185351,-64.0869110185351,-64.0869110185351,-64.0869110185351,-64.0869110185351
48,-64.0869110185351,-64.39208678529,-64.39208678529,-64.0869110185351,-64.0869110185351
48.5,-64.0869110185351,-64.39208678529,-64.0869110185351,-64.0869110185351,-64.0869110185351
49,-64.0869110185351,-64.0869110185351,-64.0869110185351,-64.0869110185351,-64.39208678529
49.5,-64.0869110185351,-64.39208678529,-64.39208678529,-64.0869110185351,-64.39208678529
50,-64.39208678529,-64.39208678529,-64.0869110185351,-64.0869110185351,-64.0869110185351
50.5,-64.0869110185351,-64.0869110185351,-64.0869110185351,-64.0869110185351,-64.0869110185351
51,-64.0869110185351,-64.0869110185351,-64.0869110185351,-63.7817352517801,-64.0869110185351
51.5,-64.0869110185351,-64.0869110185351,-64.0869110185351,-64.0869110185351,-64.0869110185351
52,-64.0869110185351,-64.0869110185351,-64.0869110185351,-63.7817352517801,-64.0869110185351
52.5,-64.0869110185351,-63.7817352517801,-63.7817352517801,-63.7817352517801,-63.7817352517801
53,-64.0869110185351,-64.0869110185351,-64.0869110185351,-63.7817352517801,-64.0869110185351
53.5,-64.0869110185351,-64.0869110185351,-64.0869110185351,-64.0869110185351,-64.0869110185351
54,-64.0869110185351,-64.39208678529,-64.39208678529,-64.0869110185351,-64.39208678529
54.5,-64.39208678529,-64.39208678529,-64.0869110185351,-64.0869110185351,-64.0869110185351
55,-64.39208678529,-64.39208678529,-64.39208678529,-64.0869110185351,-64.39208678529
55.5,-64.39208678529,-64.39208678529,-64.0869110185351,-64.39208678529,-64.39208678529
56,-64.0869110185351,-64.39208678529,-64.39208678529,-64.39208678529,-64.39208678529
56.5,-64.0869110185351,-64.39208678529,-64.39208678529,-64.0869110185351,-64.39208678529
57,-64.39208678529,-64.6972625520449,-64.39208678529,-64.39208678529,-64.39208678529
57.5,-64.6972625520449,-64.6972625520449,-64.39208678529,-64.39208678529,-64.6972625520449
58,-60.119626050721,-60.119626050721,-60.4248018174759,-60.4248018174759,-60.4248018174759
58.5,-56.4575168496618,-56.7626926164168,-56.4575168496618,-56.4575168496618,-56.4575168496618
59,-54.0161107156224,-54.3212864823773,-54.0161107156224,-54.0161107156224,-54.0161107156224
59.5,-51.8798803483379,-51.8798803483379,-51.8798803483379,-51.8798803483379,-52.1850561150928
60,-49.7436499810534,-50.0488257478083,-49.7436499810534,-49.7436499810534,-49.7436499810534
60.5,-47.6074196137689,-47.6074196137689,-47.6074196137689,-47.6074196137689,-47.6074196137689
61,-45.4711892464844,-45.4711892464844,-45.4711892464844,-45.1660134797295,-45.4711892464844
61.5,-43.029783112445,-43.029783112445,-43.029783112445,-43.029783112445,-43.029783112445
62,-40.5883769784055,-40.8935527451605,-40.5883769784055,-40.5883769784055,-40.8935527451605
62.5,-38.1469708443661,-38.452146611121,-38.452146611121,-38.452146611121,-38.452146611121
63,-36.0107404770816,-36.3159162438365,-36.0107404770816,-36.0107404770816,-36.0107404770816
63.5,-33.5693343430422,-33.5693343430422,-33.5693343430422,-33.2641585762873,-33.5693343430422
64,-34.484861643307,-34.7900374100619,-34.7900374100619,-34.7900374100619,-35.0952131768168
64.5,-34.179685876552,-34.7900374100619,-34.7900374100619,-34.7900374100619,-35.0952131768168
65,-32.3486312760225,-33.2641585762873,-33.5693343430422,-33.2641585762873,-33.5693343430422
65.5,-28.6865220749633,-30.8227524422478,-31.1279282090027,-30.8227524422478,-31.7382797425126
66,-17.7001944717859,-26.2451159409239,-27.1606432411887,-26.2451159409239,-28.6865220749633
66.5,25.3295886406591,-6.10351533509858,-12.5122064369521,-7.01904263536336,-19.5312490723154
67,43.029783112445,35.7055647103267,31.1279282090027,35.0952131768168,20.1416006058253
67.5,38.757322377876,42.4194315789351,43.029783112445,42.72460734569,42.72460734569
68,31.1279282090027,36.3159162438365,37.8417950776112,36.6210920105915,39.6728496781408
68.5,23.8037098068845,28.6865220749633,29.907225141983,28.9916978417182,32.0434555092675
69,17.089842938276,21.362303672845,22.8881825066197,21.9726552063549,24.7192371071492
69.5,11.5966791366873,15.2587883377464,16.1743156380112,15.5639641045014,18.0053702385408
70,6.40869110185351,10.0708003029127,10.6811518364225,10.3759760696676,12.5122064369521
70.5,2.44140613403943,5.49316380158872,6.10351533509858,5.49316380158872,7.62939416887322
71,-1.22070306701972,1.22070306701972,1.52587883377464,1.22070306701972,3.35693343430422
71.5,-4.57763650132393,-2.44140613403943,-1.83105460052957,-2.1362303672845,-0.305175766754929
72,-8.23974570238308,-5.79833956834365,-5.49316380158872,-5.79833956834365,-4.272460734569
72.5,-10.9863276031774,-9.15527300264787,-8.54492146913801,-8.85009723589294,-7.62939416887322
73,-14.0380852707267,-12.2070306701972,-11.9018549034422,-12.2070306701972,-10.6811518364225
73.5,-16.4794914047662,-15.2587883377464,-14.9536125709915,-14.9536125709915,-13.4277337372169
74,-19.2260733055605,-17.7001944717859,-17.3950187050309,-17.3950187050309,-16.4794914047662
74.5,-21.0571279060901,-19.8364248390704,-19.5312490723154,-19.8364248390704,-18.9208975388056
75,-22.8881825066197,-21.9726552063549,-21.6674794396,-21.9726552063549,-21.0571279060901
75.5,-24.7192371071492,-23.8037098068845,-23.4985340401295,-23.4985340401295,-22.8881825066197
76,-26.2451159409239,-25.3295886406591,-25.0244128739042,-25.3295886406591,-24.7192371071492
76.5,-27.4658190079436,-26.8554674744337,-26.5502917076788,-26.8554674744337,-26.5502917076788
77,-28.6865220749633,-28.3813463082084,-28.3813463082084,-28.3813463082084,-28.0761705414535
77.5,-30.212400908738,-29.6020493752281,-29.6020493752281,-29.6020493752281,-29.2968736084732
78,-31.1279282090027,-30.8227524422478,-30.5175766754929,-30.5175766754929,-30.5175766754929
78.5,-32.0434555092675,-31.4331039757577,-31.4331039757577,-31.7382797425126,-31.4331039757577
79,-32.6538070427774,-32.3486312760225,-32.3486312760225,-32.3486312760225,-32.3486312760225
79.5,-33.5693343430422,-33.5693343430422,-33.5693343430422,-33.5693343430422,-33.5693343430422
80,-34.7900374100619,-34.484861643307,-34.484861643307,-34.484861643307,-34.179685876552
80.5,-35.4003889435717,-35.0952131768168,-35.0952131768168,-35.4003889435717,-35.4003889435717
81,-36.0107404770816,-35.7055647103267,-35.7055647103267,-35.7055647103267,-36.0107404770816
81.5,-36.6210920105915,-36.3159162438365,-36.6210920105915,-36.6210920105915,-36.6210920105915
82,-37.2314435441013,-37.2314435441013,-37.2314435441013,-36.9262677773464,-37.2314435441013
82.5,-37.8417950776112,-37.5366193108563,-37.5366193108563,-37.5366193108563,-37.8417950776112
83,-38.1469708443661,-38.1469708443661,-38.1469708443661,-38.1469708443661,-38.1469708443661
83.5,-38.757322377876,-38.452146611121,-38.757322377876,-38.757322377876,-38.757322377876
84,-39.0624981446309,-39.0624981446309,-39.3676739113858,-39.0624981446309,-39.0624981446309
84.5,-39.3676739113858,-39.3676739113858,-39.6728496781408,-39.3676739113858,-39.6728496781408
85,-39.9780254448957,-39.6728496781408,-39.9780254448957,-39.9780254448957,-39.9780254448957
85.5,-40.2832012116506,-40.2832012116506,-40.2832012116506,-40.2832012116506,-40.2832012116506
86,-40.5883769784055,-40.5883769784055,-40.8935527451605,-40.5883769784055,-40.5883769784055
86.5,-40.8935527451605,-41.1987285119154,-41.1987285119154,-40.8935527451605,-41.1987285119154
87,-41.1987285119154,-41.1987285119154,-41.1987285119154,-41.1987285119154,-41.5039042786703
87.5,-41.8090800454253,-41.8090800454253,-41.8090800454253,-41.8090800454253,-42.1142558121802
88,-42.1142558121802,-42.1142558121802,-42.4194315789351,-42.1142558121802,-42.4194315789351
88.5,-42.4194315789351,-42.4194315789351,-42.72460734569,-42.4194315789351,-42.72460734569
89,-43.029783112445,-42.72460734569,-42.72460734569,-42.72460734569,-43.029783112445
89.5,-43.3349588791999,-43.029783112445,-43.3349588791999,-43.3349588791999,-43.6401346459548
90,-43.6401346459548,-43.3349588791999,-43.6401346459548,-43.6401346459548,-43.6401346459548
90.5,-43.6401346459548,-43.6401346459548,-43.9453104127098,-43.6401346459548,-43.9453104127098
91,-43.9453104127098,-43.9453104127098,-44.2504861794647,-43.9453104127098,-44.2504861794647
91.5,-44.5556619462196,-44.2504861794647,-44.2504861794647,-44.2504861794647,-44.5556619462196
92,-44.5556619462196,-44.5556619462196,-44.8608377129745,-44.5556619462196,-44.8608377129745
92.5,-44.8608377129745,-44.8608377129745,-44.8608377129745,-44.8608377129745,-44.8608377129745
93,-45.1660134797295,-45.1660134797295,-45.1660134797295,-45.1660134797295,-45.1660134797295
93.5,-45.7763650132393,-45.4711892464844,-45.7763650132393,-45.4711892464844,-45.7763650132393
94,-46.0815407799943,-45.7763650132393,-46.0815407799943,-46.0815407799943,-46.0815407799943
94.5,-46.3867165467492,-46.3867165467492,-46.3867165467492,-46.3867165467492,-46.3867165467492
95,-46.3867165467492,-46.6918923135041,-46.6918923135041,-46.3867165467492,-46.6918923135041
95.5,-46.6918923135041,-46.6918923135041,-46.6918923135041,-46.6918923135041,-46.997068080259
96,-46.997068080259,-46.997068080259,-46.997068080259,-46.997068080259,-47.302243847014
96.5,-47.302243847014,-47.302243847014,-47.302243847014,-47.302243847014,-47.6074196137689
97,-47.6074196137689,-47.6074196137689,-47.9125953805238,-47.6074196137689,-47.9125953805238
97.5,-47.9125953805238,-47.9125953805238,-47.9125953805238,-47.9125953805238,-47.9125953805238
98,-48.2177711472788,-48.2177711472788,-48.2177711472788,-48.2177711472788,-48.2177711472788
98.5,-48.2177711472788,-48.2177711472788,-48.2177711472788,-48.2177711472788,-48.2177711472788
99,-48.2177711472788,-48.2177711472788,-48.5229469140337,-48.2177711472788,-48.5229469140337
99.5,-48.8281226807886,-48.5229469140337,-48.8281226807886,-48.5229469140337,-48.8281226807886
100,-49.1332984475435,-49.1332984475435,-49.1332984475435,-49.1332984475435,-49.4384742142985
100.5,-49.1332984475435,-49.1332984475435,-49.4384742142985,-49.1332984475435,-49.4384742142985
101,-49.4384742142985,-49.4384742142985,-49.4384742142985,-49.4384742142985,-49.7436499810534
101.5,-49.4384742142985,-49.7436499810534,-49.7436499810534,-49.4384742142985,-49.7436499810534
102,-49.7436499810534,-49.7436499810534,-49.7436499810534,-49.7436499810534,-49.7436499810534
102.5,-50.0488257478083,-49.7436499810534,-50.0488257478083,-50.0488257478083,-50.0488257478083
103,-50.0488257478083,-50.0488257478083,-50.3540015145633,-50.3540015145633,-50.3540015145633
103.5,-50.3540015145633,-50.3540015145633,-50.3540015145633,-50.3540015145633,-50.3540015145633
104,-50.3540015145633,-50.3540015145633,-50.3540015145633,-50.6591772813182,-50.6591772813182
104.5,-50.6591772813182,-50.6591772813182,-50.6591772813182,-50.6591772813182,-50.9643530480731
105,-50.6591772813182,-50.9643530480731,-50.9643530480731,-50.9643530480731,-50.9643530480731
105.5,-50.6591772813182,-50.9643530480731,-50.9643530480731,-50.9643530480731,-50.9643530480731
106,-50.9643530480731,-50.9643530480731,-51.269528814828,-50.9643530480731,-51.269528814828
106.5,-51.269528814828,-51.269528814828,-51.269528814828,-51.269528814828,-51.574704581583
107,-51.269528814828,-51.574704581583,-51.574704581583,-51.574704581583,-51.574704581583
107.5,-51.574704581583,-51.8798803483379,-51.8798803483379,-51.8798803483379,-51.8798803483379
108,-51.8798803483379,-51.8798803483379,-51.8798803483379,-51.8798803483379,-52.1850561150928
108.5,-51.8798803483379,-51.8798803483379,-51.8798803483379,-52.1850561150928,-52.1850561150928
109,-52.1850561150928,-52.1850561150928,-52.1850561150928,-52.4902318818478,-52.1850561150928
109.5,-52.4902318818478,-52.4902318818478,-52.4902318818478,-52.4902318818478,-52.4902318818478
110,-52.4902318818478,-52.7954076486027,-52.4902318818478,-52.4902318818478,-52.7954076486027
110.5,-52.4902318818478,-52.7954076486027,-52.4902318818478,-52.4902318818478,-52.7954076486027
111,-52.7954076486027,-52.7954076486027,-52.7954076486027,-52.7954076486027,-53.1005834153576
111.5,-52.7954076486027,-53.1005834153576,-53.1005834153576,-53.1005834153576,-53.1005834153576
112,-53.1005834153576,-53.1005834153576,-53.1005834153576,-53.1005834153576,-53.4057591821126
112.5,-53.1005834153576,-53.4057591821126,-53.4057591821126,-53.4057591821126,-53.4057591821126
113,-53.4057591821126,-53.4057591821126,-53.4057591821126,-53.4057591821126,-53.7109349488675
113.5,-53.7109349488675,-53.7109349488675,-53.7109349488675,-53.7109349488675,-54.0161107156224
114,-54.0161107156224,-54.0161107156224,-54.0161107156224,-53.7109349488675,-54.0161107156224
114.5,-54.3212864823773,-54.0161107156224,-54.3212864823773,-54.0161107156224,-54.3212864823773
115,-54.3212864823773,-54.3212864823773,-54.3212864823773,-54.3212864823773,-54.3212864823773
115.5,-54.6264622491323,-54.6264622491323,-54.6264622491323,-54.6264622491323,-54.6264622491323
116,-54.6264622491323,-54.6264622491323,-54.6264622491323,-54.6264622491323,-54.9316380158872
116.5,-54.6264622491323,-54.9316380158872,-54.6264622491323,-54.6264622491323,-54.9316380158872
117,-54.9316380158872,-54.9316380158872,-54.9316380158872,-54.9316380158872,-55.2368137826421
117.5,-55.2368137826421,-55.2368137826421,-55.2368137826421,-55.2368137826421,-55.5419895493971
118,-55.2368137826421,-55.2368137826421,-55.5419895493971,-55.2368137826421,-55.5419895493971
118.5,-54.9316380158872,-55.2368137826421,-55.2368137826421,-55.2368137826421,-55.5419895493971
119,-55.2368137826421,-55.2368137826421,-55.2368137826421,-55.2368137826421,-55.5419895493971
119.5,-55.2368137826421,-55.5419895493971,-55.5419895493971,-55.5419895493971,-55.847165316152
120,-55.847165316152,-55.847165316152,-55.847165316152,-55.847165316152,-56.1523410829069
120.5,-55.847165316152,-55.847165316152,-55.847165316152,-55.847165316152,-56.1523410829069
121,-55.847165316152,-56.1523410829069,-56.1523410829069,-55.847165316152,-56.1523410829069
121.5,-56.1523410829069,-56.1523410829069,-56.1523410829069,-56.1523410829069,-56.4575168496618
122,-56.1523410829069,-56.1523410829069,-56.4575168496618,-56.1523410829069,-56.4575168496618
122.5,-56.1523410829069,-56.4575168496618,-56.1523410829069,-56.1523410829069,-56.4575168496618
123,-56.4575168496618,-56.4575168496618,-56.4575168496618,-56.4575168496618,-56.4575168496618
123.5,-56.4575168496618,-56.4575168496618,-56.4575168496618,-56.4575168496618,-56.7626926164168
124,-56.4575168496618,-56.4575168496618,-56.7626926164168,-56.7626926164168,-56.7626926164168
124.5,-56.4575168496618,-56.7626926164168,-56.7626926164168,-56.7626926164168,-56.7626926164168
125,-56.7626926164168,-56.7626926164168,-56.7626926164168,-56.4575168496618,-57.0678683831717
125.5,-56.7626926164168,-56.7626926164168,-57.0678683831717,-56.7626926164168,-57.0678683831717
126,-56.7626926164168,-56.7626926164168,-57.0678683831717,-57.0678683831717,-57.0678683831717
126.5,-56.7626926164168,-57.0678683831717,-57.0678683831717,-56.7626926164168,-57.0678683831717
127,-57.0678683831717,-57.0678683831717,-57.0678683831717,-57.0678683831717,-57.0678683831717
127.5,-57.3730441499266,-57.0678683831717,-57.3730441499266,-57.0678683831717,-57.3730441499266
128,-57.0678683831717,-57.0678683831717,-57.3730441499266,-57.3730441499266,-57.6782199166816
128.5,-57.3730441499266,-57.3730441499266,-57.6782199166816,-57.3730441499266,-57.6782199166816
129,-57.3730441499266,-57.3730441499266,-57.6782199166816,-57.3730441499266,-57.6782199166816
129.5,-57.6782199166816,-57.6782199166816,-57.6782199166816,-57.6782199166816,-57.9833956834365
130,-57.6782199166816,-57.6782199166816,-57.6782199166816,-57.6782199166816,-57.9833956834365
130.5,-57.6782199166816,-57.6782199166816,-57.9833956834365,-57.6782199166816,-57.9833956834365
131,-57.6782199166816,-57.6782199166816,-57.9833956834365,-57.6782199166816,-57.9833956834365
131.5,-57.9833956834365,-57.6782199166816,-57.9833956834365,-57.6782199166816,-57.9833956834365
132,-57.9833956834365,-57.9833956834365,-57.9833956834365,-57.9833956834365,-58.2885714501914
132.5,-57.9833956834365,-57.9833956834365,-57.9833956834365,-57.9833956834365,-58.2885714501914
133,-57.9833956834365,-58.2885714501914,-57.9833956834365,-57.9833956834365,-58.2885714501914
133.5,-58.5937472169463,-58.5937472169463,-58.2885714501914,-58.2885714501914,-58.5937472169463
134,-58.5937472169463,-58.5937472169463,-58.5937472169463,-58.5937472169463,-58.8989229837013
134.5,-58.5937472169463,-58.5937472169463,-58.8989229837013,-58.5937472169463,-58.8989229837013
135,-58.5937472169463,-58.8989229837013,-58.8989229837013,-58.5937472169463,-59.2040987504562
135.5,-58.8989229837013,-58.8989229837013,-58.8989229837013,-58.8989229837013,-59.2040987504562
136,-58.8989229837013,-58.8989229837013,-58.8989229837013,-58.8989229837013,-59.2040987504562
136.5,-58.8989229837013,-58.8989229837013,-59.2040987504562,-59.2040987504562,-59.5092745172111
137,-59.2040987504562,-59.2040987504562,-59.2040987504562,-59.2040987504562,-59.2040987504562
137.5,-59.5092745172111,-59.5092745172111,-59.5092745172111,-59.2040987504562,-59.5092745172111
138,-59.5092745172111,-59.5092745172111,-59.5092745172111,-59.5092745172111,-59.5092745172111
138.5,-59.2040987504562,-59.2040987504562,-59.2040987504562,-59.2040987504562,-59.8144502839661
139,-59.2040987504562,-59.5092745172111,-59.2040987504562,-59.2040987504562,-59.5092745172111
139.5,-59.2040987504562,-59.5092745172111,-59.5092745172111,-59.5092745172111,-59.8144502839661
140,-59.8144502839661,-59.8144502839661,-59.8144502839661,-59.8144502839661,-60.119626050721
140.5,-59.8144502839661,-59.8144502839661,-59.8144502839661,-59.8144502839661,-60.119626050721
141,-59.8144502839661,-59.8144502839661,-59.8144502839661,-59.8144502839661,-60.119626050721
141.5,-59.8144502839661,-60.119626050721,-60.119626050721,-59.8144502839661,-60.119626050721
142,-60.119626050721,-60.119626050721,-59.8144502839661,-59.8144502839661,-60.119626050721
142.5,-60.119626050721,-60.119626050721,-60.119626050721,-59.8144502839661,-60.4248018174759
143,-59.8144502839661,-60.119626050721,-60.119626050721,-60.119626050721,-60.4248018174759
143.5,-59.8144502839661,-60.119626050721,-60.119626050721,-59.8144502839661,-60.4248018174759
144,-60.119626050721,-60.119626050721,-60.119626050721,-60.119626050721,-60.119626050721
144.5,-60.119626050721,-60.119626050721,-60.119626050721,-60.119626050721,-60.4248018174759
145,-60.119626050721,-60.119626050721,-60.119626050721,-60.119626050721,-60.4248018174759
145.5,-60.119626050721,-60.4248018174759,-60.4248018174759,-60.119626050721,-60.4248018174759
146,-60.119626050721,-60.4248018174759,-60.4248018174759,-60.119626050721,-60.4248018174759
146.5,-60.4248018174759,-60.119626050721,-60.4248018174759,-60.119626050721,-60.4248018174759
147,-60.119626050721,-60.4248018174759,-60.4248018174759,-60.119626050721,-60.7299775842308
147.5,-60.4248018174759,-60.4248018174759,-60.4248018174759,-60.4248018174759,-60.7299775842308
148,-60.4248018174759,-60.7299775842308,-60.7299775842308,-60.4248018174759,-60.4248018174759
148.5,-60.4248018174759,-60.4248018174759,-60.7299775842308,-60.4248018174759,-60.7299775842308
149,-60.4248018174759,-60.4248018174759,-60.4248018174759,-60.4248018174759,-60.7299775842308
149.5,-60.4248018174759,-60.7299775842308,-60.7299775842308,-60.7299775842308,-61.0351533509858
150,-60.7299775842308,-60.7299775842308,-60.7299775842308,-60.7299775842308,-60.7299775842308
150.5,-60.4248018174759,-60.4248018174759,-60.7299775842308,-60.4248018174759,-60.7299775842308
151,-60.4248018174759,-60.7299775842308,-60.7299775842308,-60.4248018174759,-60.7299775842308
151.5,-60.4248018174759,-60.4248018174759,-60.7299775842308,-60.7299775842308,-61.0351533509858
152,-60.7299775842308,-61.0351533509858,-60.7299775842308,-60.7299775842308,-61.0351533509858
152.5,-60.7299775842308,-60.7299775842308,-60.7299775842308,-60.7299775842308,-61.0351533509858
153,-60.7299775842308,-60.7299775842308,-61.0351533509858,-60.7299775842308,-61.0351533509858
153.5,-61.0351533509858,-61.0351533509858,-61.0351533509858,-61.0351533509858,-61.3403291177407
154,-61.0351533509858,-61.3403291177407,-61.3403291177407,-61.3403291177407,-61.3403291177407
154.5,-61.0351533509858,-61.3403291177407,-61.6455048844956,-61.3403291177407,-61.3403291177407
155,-61.3403291177407,-61.3403291177407,-61.3403291177407,-61.3403291177407,-61.6455048844956
155.5,-61.3403291177407,-61.3403291177407,-61.6455048844956,-61.3403291177407,-61.6455048844956
156,-61.3403291177407,-61.3403291177407,-61.6455048844956,-61.3403291177407,-61.6455048844956
156.5,-61.3403291177407,-61.6455048844956,-61.6455048844956,-61.6455048844956,-61.6455048844956
157,-61.6455048844956,-61.6455048844956,-61.9506806512506,-61.6455048844956,-61.9506806512506
157.5,-61.6455048844956,-61.6455048844956,-61.9506806512506,-61.6455048844956,-61.9506806512506
158,-61.6455048844956,-61.6455048844956,-61.9506806512506,-61.9506806512506,-61.9506806512506
158.5,-61.3403291177407,-61.6455048844956,-61.6455048844956,-61.6455048844956,-61.9506806512506
159,-61.6455048844956,-61.6455048844956,-61.6455048844956,-61.3403291177407,-61.6455048844956
159.5,-61.6455048844956,-61.6455048844956,-61.9506806512506,-61.6455048844956,-61.9506806512506
160,-61.9506806512506,-61.9506806512506,-62.2558564180055,-62.2558564180055,-62.2558564180055
160.5,-61.9506806512506,-61.9506806512506,-62.2558564180055,-61.9506806512506,-62.2558564180055
161,-61.9506806512506,-61.9506806512506,-62.2558564180055,-61.9506806512506,-62.2558564180055
161.5,-61.9506806512506,-61.9506806512506,-61.9506806512506,-61.9506806512506,-62.2558564180055
162,-61.9506806512506,-61.9506806512506,-62.2558564180055,-62.2558564180055,-62.2558564180055
162.5,-61.9506806512506,-61.9506806512506,-62.2558564180055,-61.9506806512506,-62.2558564180055
163,-61.9506806512506,-62.2558564180055,-62.2558564180055,-61.9506806512506,-62.2558564180055
163.5,-61.9506806512506,-61.9506806512506,-62.2558564180055,-62.2558564180055,-62.2558564180055
164,-61.9506806512506,-61.9506806512506,-62.2558564180055,-62.2558564180055,-62.2558564180055
164.5,-61.9506806512506,-62.2558564180055,-62.2558564180055,-62.2558564180055,-62.2558564180055
165,-61.9506806512506,-62.2558564180055,-62.2558564180055,-61.9506806512506,-62.2558564180055
165.5,-61.9506806512506,-61.9506806512506,-62.2558564180055,-62.2558564180055,-62.2558564180055
166,-61.9506806512506,-61.9506806512506,-62.2558564180055,-62.2558564180055,-62.2558564180055
166.5,-61.9506806512506,-62.2558564180055,-62.2558564180055,-62.2558564180055,-62.2558564180055
167,-61.9506806512506,-62.2558564180055,-62.2558564180055,-61.9506806512506,-62.2558564180055
167.5,-62.2558564180055,-62.2558564180055,-62.2558564180055,-62.2558564180055,-62.2558564180055
168,-62.2558564180055,-62.2558564180055,-62.2558564180055,-62.2558564180055,-62.5610321847604
168.5,-61.9506806512506,-62.2558564180055,-62.2558564180055,-62.2558564180055,-62.5610321847604
169,-62.2558564180055,-62.2558564180055,-62.5610321847604,-62.2558564180055,-62.2558564180055
169.5,-62.2558564180055,-62.2558564180055,-62.5610321847604,-62.2558564180055,-62.5610321847604
170,-62.2558564180055,-62.2558564180055,-62.5610321847604,-62.2558564180055,-62.5610321847604
170.5,-62.2558564180055,-62.2558564180055,-62.2558564180055,-62.2558564180055,-62.5610321847604
171,-61.9506806512506,-62.2558564180055,-62.5610321847604,-62.2558564180055,-62.2558564180055
171.5,-61.9506806512506,-62.2558564180055,-62.2558564180055,-62.2558564180055,-62.5610321847604
172,-62.2558564180055,-62.2558564180055,-62.5610321847604,-62.2558564180055,-62.5610321847604
172.5,-61.9506806512506,-62.2558564180055,-62.2558564180055,-62.2558564180055,-62.5610321847604
173,-62.2558564180055,-62.2558564180055,-62.5610321847604,-62.5610321847604,-62.5610321847604
173.5,-62.2558564180055,-62.5610321847604,-62.5610321847604,-62.5610321847604,-62.5610321847604
174,-62.5610321847604,-62.5610321847604,-62.8662079515153,-62.5610321847604,-62.8662079515153
174.5,-62.5610321847604,-62.5610321847604,-62.8662079515153,-62.8662079515153,-62.8662079515153
175,-62.5610321847604,-62.8662079515153,-62.8662079515153,-62.8662079515153,-62.8662079515153
175.5,-62.5610321847604,-62.8662079515153,-63.1713837182703,-62.8662079515153,-62.8662079515153
176,-62.8662079515153,-62.8662079515153,-63.1713837182703,-62.8662079515153,-62.8662079515153
176.5,-62.8662079515153,-62.8662079515153,-62.8662079515153,-62.8662079515153,-63.1713837182703
177,-62.8662079515153,-62.8662079515153,-63.1713837182703,-63.1713837182703,-63.1713837182703
177.5,-62.8662079515153,-63.1713837182703,-63.4765594850252,-63.1713837182703,-63.1713837182703
178,-62.8662079515153,-63.1713837182703,-63.4765594850252,-63.1713837182703,-63.1713837182703
178.5,-62.8662079515153,-62.8662079515153,-63.1713837182703,-62.8662079515153,-63.1713837182703
179,-62.8662079515153,-62.8662079515153,-63.1713837182703,-63.1713837182703,-62.8662079515153
179.5,-62.8662079515153,-62.8662079515153,-63.1713837182703,-63.1713837182703,-63.1713837182703
180,-63.1713837182703,-63.1713837182703,-63.4765594850252,-63.1713837182703,-63.4765594850252
180.5,-63.1713837182703,-63.1713837182703,-63.4765594850252,-63.1713837182703,-63.1713837182703
181,-63.1713837182703,-63.1713837182703,-63.4765594850252,-63.4765594850252,-63.4765594850252
181.5,-63.1713837182703,-63.1713837182703,-63.4765594850252,-63.4765594850252,-63.4765594850252
182,-63.1713837182703,-63.1713837182703,-63.4765594850252,-63.4765594850252,-63.1713837182703
182.5,-63.1713837182703,-63.1713837182703,-63.4765594850252,-63.4765594850252,-63.4765594850252
183,-63.1713837182703,-63.1713837182703,-63.4765594850252,-63.1713837182703,-63.4765594850252
183.5,-63.1713837182703,-63.1713837182703,-63.4765594850252,-63.4765594850252,-63.4765594850252
184,-63.1713837182703,-63.1713837182703,-63.4765594850252,-63.1713837182703,-63.4765594850252
184.5,-63.1713837182703,-63.1713837182703,-63.4765594850252,-63.1713837182703,-63.4765594850252
185,-63.1713837182703,-63.1713837182703,-63.4765594850252,-63.1713837182703,-63.4765594850252
185.5,-62.8662079515153,-63.1713837182703,-63.1713837182703,-63.1713837182703,-63.1713837182703
186,-63.1713837182703,-63.1713837182703,-63.4765594850252,-63.1713837182703,-63.1713837182703
186.5,-63.1713837182703,-63.1713837182703,-63.4765594850252,-63.1713837182703,-63.1713837182703
187,-63.1713837182703,-63.1713837182703,-63.1713837182703,-63.1713837182703,-63.1713837182703
187.5,-63.1713837182703,-63.1713837182703,-63.4765594850252,-63.4765594850252,-63.1713837182703
188,-63.1713837182703,-63.1713837182703,-63.4765594850252,-63.4765594850252,-63.1713837182703
188.5,-63.1713837182703,-63.1713837182703,-63.4765594850252,-63.1713837182703,-63.1713837182703
189,-63.1713837182703,-63.1713837182703,-63.4765594850252,-63.1713837182703,-63.1713837182703
189.5,-63.1713837182703,-63.1713837182703,-63.4765594850252,-63.1713837182703,-63.4765594850252
190,-63.1713837182703,-63.1713837182703,-63.4765594850252,-63.4765594850252,-63.1713837182703
190.5,-63.1713837182703,-63.1713837182703,-63.4765594850252,-63.1713837182703,-63.1713837182703
191,-63.1713837182703,-63.1713837182703,-63.1713837182703,-63.1713837182703,-63.1713837182703
191.5,-63.1713837182703,-63.1713837182703,-63.4765594850252,-63.1713837182703,-63.4765594850252
192,-63.1713837182703,-63.1713837182703,-63.4765594850252,-63.1713837182703,-63.1713837182703
192.5,-62.8662079515153,-63.1713837182703,-63.4765594850252,-63.1713837182703,-63.1713837182703
193,-63.1713837182703,-63.1713837182703,-63.1713837182703,-62.8662079515153,-63.1713837182703
193.5,-63.1713837182703,-63.1713837182703,-63.4765594850252,-63.4765594850252,-63.4765594850252
194,-63.1713837182703,-63.4765594850252,-63.7817352517801,-63.4765594850252,-63.4765594850252
194.5,-63.4765594850252,-63.4765594850252,-63.7817352517801,-63.4765594850252,-63.4765594850252
195,-63.4765594850252,-63.4765594850252,-63.7817352517801,-63.4765594850252,-63.7817352517801
195.5,-63.4765594850252,-63.4765594850252,-63.7817352517801,-63.4765594850252,-63.7817352517801
196,-63.4765594850252,-63.4765594850252,-63.7817352517801,-63.7817352517801,-63.7817352517801
196.5,-63.4765594850252,-63.7817352517801,-64.0869110185351,-63.7817352517801,-63.7817352517801
197,-63.7817352517801,-63.7817352517801,-64.0869110185351,-63.7817352517801,-63.7817352517801
197.5,-63.7817352517801,-64.0869110185351,-63.7817352517801,-63.7817352517801,-63.7817352517801
198,-63.7817352517801,-63.7817352517801,-63.7817352517801,-63.7817352517801,-64.0869110185351
198.5,-63.4765594850252,-63.7817352517801,-63.7817352517801,-63.7817352517801,-63.7817352517801
199,-63.4765594850252,-63.7817352517801,-63.7817352517801,-63.4765594850252,-63.7817352517801
199.5,-63.7817352517801,-63.7817352517801,-63.7817352517801,-63.7817352517801,-63.7817352517801
200,-63.7817352517801,-63.7817352517801,-64.0869110185351,-63.7817352517801,-64.0869110185351
200.5,-63.7817352517801,-63.7817352517801,-64.0869110185351,-64.0869110185351,-64.0869110185351
201,-63.7817352517801,-64.0869110185351,-64.0869110185351,-64.0869110185351,-64.0869110185351
201.5,-64.0869110185351,-63.7817352517801,-64.0869110185351,-63.7817352517801,-63.7817352517801
202,-63.7817352517801,-63.7817352517801,-64.0869110185351,-63.7817352517801,-64.0869110185351
202.5,-63.7817352517801,-63.7817352517801,-64.0869110185351,-64.0869110185351,-64.0869110185351
203,-63.7817352517801,-64.0869110185351,-64.0869110185351,-63.7817352517801,-64.0869110185351
203.5,-63.7817352517801,-64.0869110185351,-64.0869110185351,-63.7817352517801,-64.0869110185351
204,-63.7817352517801,-63.7817352517801,-64.0869110185351,-63.7817352517801,-63.7817352517801
204.5,-63.7817352517801,-63.7817352517801,-63.7817352517801,-63.7817352517801,-64.0869110185351
205,-63.7817352517801,-63.7817352517801,-64.0869110185351,-63.7817352517801,-63.7817352517801
205.5,-63.7817352517801,-63.7817352517801,-63.7817352517801,-63.7817352517801,-63.7817352517801
206,-63.7817352517801,-63.7817352517801,-64.0869110185351,-63.7817352517801,-63.7817352517801
206.5,-63.7817352517801,-63.4765594850252,-63.7817352517801,-63.7817352517801,-63.7817352517801
207,-63.4765594850252,-63.4765594850252,-63.7817352517801,-63.7817352517801,-63.7817352517801
207.5,-63.4765594850252,-63.7817352517801,-64.0869110185351,-63.7817352517801,-63.7817352517801
208,-63.4765594850252,-63.7817352517801,-64.0869110185351,-63.7817352517801,-63.7817352517801
208.5,-63.4765594850252,-63.7817352517801,-63.7817352517801,-63.7817352517801,-64.0869110185351
209,-63.4765594850252,-63.4765594850252,-63.7817352517801,-63.7817352517801,-63.7817352517801
209.5,-63.7817352517801,-63.7817352517801,-64.0869110185351,-63.7817352517801,-63.7817352517801
210,-63.7817352517801,-63.7817352517801,-64.0869110185351,-63.7817352517801,-63.7817352517801
210.5,-63.4765594850252,-63.4765594850252,-63.7817352517801,-63.4765594850252,-63.7817352517801
211,-63.4765594850252,-63.4765594850252,-63.7817352517801,-63.7817352517801,-63.7817352517801
211.5,-63.4765594850252,-63.4765594850252,-64.0869110185351,-63.7817352517801,-63.7817352517801
212,-63.4765594850252,-63.4765594850252,-63.7817352517801,-63.7817352517801,-63.7817352517801
212.5,-63.4765594850252,-63.4765594850252,-63.7817352517801,-63.4765594850252,-63.7817352517801
213,-63.4765594850252,-63.4765594850252,-63.7817352517801,-63.4765594850252,-63.7817352517801
213.5,-63.4765594850252,-63.7817352517801,-64.0869110185351,-63.7817352517801,-63.7817352517801
214,-63.7817352517801,-63.7817352517801,-64.0869110185351,-64.0869110185351,-64.0869110185351
214.5,-63.7817352517801,-63.7817352517801,-64.0869110185351,-63.7817352517801,-64.0869110185351
215,-63.7817352517801,-64.0869110185351,-64.0869110185351,-64.0869110185351,-64.0869110185351
215.5,-63.7817352517801,-64.0869110185351,-64.0869110185351,-64.0869110185351,-64.0869110185351
216,-63.7817352517801,-64.0869110185351,-64.0869110185351,-64.0869110185351,-64.0869110185351
216.5,-64.0869110185351,-64.0869110185351,-64.39208678529,-64.0869110185351,-64.0869110185351
217,-64.0869110185351,-64.0869110185351,-64.0869110185351,-64.0869110185351,-64.39208678529
217.5,-64.0869110185351,-64.0869110185351,-64.39208678529,-64.39208678529,-64.39208678529
218,-64.0869110185351,-64.39208678529,-64.39208678529,-64.39208678529,-64.39208678529
218.5,-64.0869110185351,-63.7817352517801,-64.0869110185351,-64.0869110185351,-64.39208678529
219,-63.7817352517801,-63.7817352517801,-64.0869110185351,-63.7817352517801,-64.0869110185351
219.5,-63.7817352517801,-64.0869110185351,-64.39208678529,-64.39208678529,-64.39208678529
220,-64.0869110185351,-64.39208678529,-64.6972625520449,-64.39208678529,-64.39208678529
220.5,-64.39208678529,-64.0869110185351,-64.39208678529,-64.39208678529,-64.39208678529
221,-64.0869110185351,-64.0869110185351,-64.39208678529,-64.0869110185351,-64.39208678529
221.5,-64.0869110185351,-64.39208678529,-64.39208678529,-64.39208678529,-64.39208678529
222,-64.0869110185351,-64.39208678529,-64.39208678529,-64.39208678529,-64.39208678529
222.5,-64.0869110185351,-64.39208678529,-64.39208678529,-64.39208678529,-64.39208678529
223,-64.0869110185351,-64.0869110185351,-64.39208678529,-64.39208678529,-64.39208678529
223.5,-64.0869110185351,-64.0869110185351,-64.39208678529,-64.39208678529,-64.39208678529
224,-64.0869110185351,-64.0869110185351,-64.39208678529,-64.0869110185351,-64.0869110185351
224.5,-64.0869110185351,-64.39208678529,-64.39208678529,-64.0869110185351,-64.39208678529
225,-64.0869110185351,-64.0869110185351,-64.39208678529,-64.39208678529,-64.0869110185351
225.5,-63.7817352517801,-64.0869110185351,-64.39208678529,-64.0869110185351,-64.39208678529
226,-64.0869110185351,-64.0869110185351,-64.39208678529,-64.0869110185351,-64.0869110185351
226.5,-63.7817352517801,-64.0869110185351,-64.39208678529,-64.0869110185351,-64.0869110185351
227,-63.7817352517801,-64.0869110185351,-64.0869110185351,-64.0869110185351,-64.0869110185351
227.5,-63.7817352517801,-64.0869110185351,-64.0869110185351,-64.0869110185351,-64.0869110185351
228,-64.0869110185351,-64.0869110185351,-64.0869110185351,-64.0869110185351,-64.0869110185351
228.5,-63.7817352517801,-64.0869110185351,-64.39208678529,-64.0869110185351,-64.0869110185351
229,-63.7817352517801,-64.0869110185351,-64.39208678529,-64.0869110185351,-64.0869110185351
229.5,-64.0869110185351,-64.0869110185351,-64.0869110185351,-64.0869110185351,-64.0869110185351
230,-64.0869110185351,-64.0869110185351,-64.39208678529,-64.0869110185351,-64.0869110185351
230.5,-63.7817352517801,-63.7817352517801,-64.0869110185351,-64.0869110185351,-64.0869110185351
231,-63.7817352517801,-63.7817352517801,-64.0869110185351,-64.0869110185351,-64.0869110185351
231.5,-63.7817352517801,-63.7817352517801,-64.0869110185351,-63.7817352517801,-63.7817352517801
232,-63.7817352517801,-64.0869110185351,-64.0869110185351,-64.0869110185351,-64.0869110185351
232.5,-63.7817352517801,-63.7817352517801,-64.0869110185351,-63.7817352517801,-63.7817352517801
233,-63.4765594850252,-63.7817352517801,-64.0869110185351,-63.7817352517801,-63.7817352517801
233.5,-63.7817352517801,-64.0869110185351,-64.0869110185351,-64.0869110185351,-64.0869110185351
234,-64.0869110185351,-64.0869110185351,-64.39208678529,-64.0869110185351,-64.39208678529
234.5,-64.0869110185351,-64.0869110185351,-64.39208678529,-64.39208678529,-64.39208678529
235,-64.0869110185351,-64.39208678529,-64.39208678529,-64.39208678529,-64.39208678529
235.5,-64.0869110185351,-64.39208678529,-64.39208678529,-64.39208678529,-64.39208678529
236,-64.0869110185351,-64.39208678529,-64.39208678529,-64.0869110185351,-64.39208678529
236.5,-64.0869110185351,-64.39208678529,-64.39208678529,-64.39208678529,-64.39208678529
237,-64.39208678529,-64.39208678529,-64.39208678529,-64.39208678529,-64.39208678529
237.5,-64.39208678529,-64.39208678529,-64.6972625520449,-64.39208678529,-64.39208678529
238,-64.39208678529,-64.39208678529,-64.6972625520449,-64.39208678529,-64.6972625520449
238.5,-64.0869110185351,-64.0869110185351,-64.39208678529,-64.39208678529,-64.6972625520449
239,-64.0869110185351,-64.0869110185351,-64.39208678529,-64.39208678529,-64.0869110185351
239.5,-64.0869110185351,-64.39208678529,-64.6972625520449,-64.39208678529,-64.39208678529
240,-64.39208678529,-64.39208678529,-64.6972625520449,-64.39208678529,-64.6972625520449
240.5,-64.39208678529,-64.39208678529,-64.6972625520449,-64.6972625520449,-64.6972625520449
241,-64.39208678529,-64.39208678529,-64.6972625520449,-64.39208678529,-64.6972625520449
241.5,-64.39208678529,-64.6972625520449,-64.6972625520449,-64.39208678529,-64.39208678529
242,-64.39208678529,-64.39208678529,-64.39208678529,-64.39208678529,-64.39208678529
242.5,-64.39208678529,-64.39208678529,-64.6972625520449,-64.39208678529,-64.6972625520449
243,-64.39208678529,-64.39208678529,-64.6972625520449,-64.39208678529,-64.39208678529
243.5,-64.0869110185351,-64.39208678529,-64.6972625520449,-64.39208678529,-64.39208678529
244,-64.39208678529,-64.0869110185351,-64.39208678529,-64.0869110185351,-64.39208678529
244.5,-64.0869110185351,-64.39208678529,-64.6972625520449,-64.39208678529,-64.6972625520449
245,-64.0869110185351,-64.39208678529,-64.39208678529,-64.39208678529,-64.39208678529
245.5,-64.0869110185351,-64.39208678529,-64.39208678529,-64.39208678529,-64.39208678529
246,-64.0869110185351,-64.39208678529,-64.39208678529,-64.0869110185351,-64.39208678529
246.5,-64.0869110185351,-64.39208678529,-64.39208678529,-64.0869110185351,-64.0869110185351
247,-64.0869110185351,-64.0869110185351,-64.39208678529,-64.0869110185351,-64.39208678529
247.5,-64.0869110185351,-64.0869110185351,-64.39208678529,-64.0869110185351,-64.39208678529
248,-64.0869110185351,-64.0869110185351,-64.39208678529,-64.0869110185351,-64.39208678529
248.5,-64.0869110185351,-64.0869110185351,-64.39208678529,-64.0869110185351,-64.0869110185351
249,-64.0869110185351,-64.0869110185351,-64.0869110185351,-64.0869110185351,-64.39208678529
249.5,-64.0869110185351,-64.0869110185351,-64.39208678529,-64.39208678529,-64.39208678529
250,-64.0869110185351,-64.39208678529,-64.39208678529,-64.0869110185351,-64.39208678529
250.5,-64.0869110185351,-64.0869110185351,-64.0869110185351,-64.0869110185351,-64.0869110185351
251,-63.7817352517801,-64.0869110185351,-64.0869110185351,-64.0869110185351,-64.0869110185351
251.5,-64.0869110185351,-64.0869110185351,-64.0869110185351,-64.0869110185351,-64.0869110185351
252,-63.7817352517801,-64.0869110185351,-64.39208678529,-64.0869110185351,-64.0869110185351
252.5,-63.7817352517801,-64.0869110185351,-64.0869110185351,-63.7817352517801,-64.0869110185351
253,-63.7817352517801,-64.0869110185351,-64.0869110185351,-63.7817352517801,-64.0869110185351
253.5,-64.0869110185351,-64.0869110185351,-64.39208678529,-64.0869110185351,-64.39208678529
254,-64.0869110185351,-64.39208678529,-64.6972625520449,-64.0869110185351,-64.39208678529
254.5,-64.39208678529,-64.39208678529,-64.39208678529,-64.0869110185351,-64.39208678529
255,-64.39208678529,-64.39208678529,-64.39208678529,-64.0869110185351,-64.39208678529
255.5,-64.39208678529,-64.39208678529,-64.6972625520449,-64.39208678529,-64.6972625520449
256,-64.39208678529,-64.39208678529,-64.6972625520449,-64.39208678529,-64.39208678529
256.5,-64.39208678529,-64.39208678529,-64.6972625520449,-64.39208678529,-64.39208678529
257,-64.39208678529,-64.6972625520449,-64.6972625520449,-64.39208678529,-64.39208678529
257.5,-64.39208678529,-64.39208678529,-64.6972625520449,-64.39208678529,-64.6972625520449
258,-64.39208678529,-64.6972625520449,-64.6972625520449,-64.6972625520449,-64.6972625520449
258.5,-64.0869110185351,-64.39208678529,-64.6972625520449,-64.39208678529,-64.39208678529
259,-64.39208678529,-64.0869110185351,-64.39208678529,-64.0869110185351,-64.0869110185351
259.5,-64.39208678529,-64.39208678529,-64.6972625520449,-64.39208678529,-64.6972625520449
260,-64.6972625520449,-64.6972625520449,-64.6972625520449,-64.39208678529,-64.6972625520449
260.5,-64.39208678529,-64.6972625520449,-65.0024383187999,-64.6972625520449,-64.6972625520449
261,-64.6972625520449,-64.6972625520449,-64.6972625520449,-64.39208678529,-64.39208678529
261.5,-64.6972625520449,-64.6972625520449,-64.6972625520449,-64.39208678529,-64.6972625520449
262,-64.39208678529,-64.39208678529,-64.6972625520449,-64.39208678529,-64.6972625520449
262.5,-64.39208678529,-64.6972625520449,-64.6972625520449,-64.39208678529,-64.6972625520449
263,-64.6972625520449,-64.6972625520449,-64.6972625520449,-64.39208678529,-64.6972625520449
263.5,-64.39208678529,-64.39208678529,-64.6972625520449,-64.39208678529,-64.39208678529
264,-64.39208678529,-64.39208678529,-64.6972625520449,-64.39208678529,-64.6972625520449
264.5,-64.39208678529,-64.39208678529,-64.6972625520449,-64.39208678529,-64.39208678529
265,-64.39208678529,-64.39208678529,-64.6972625520449,-64.0869110185351,-64.39208678529
265.5,-64.39208678529,-64.39208678529,-64.39208678529,-64.0869110185351,-64.39208678529
266,-64.39208678529,-64.39208678529,-64.39208678529,-64.0869110185351,-64.39208678529
266.5,-64.39208678529,-64.0869110185351,-64.6972625520449,-64.0869110185351,-64.39208678529
267,-64.39208678529,-64.0869110185351,-64.39208678529,-64.0869110185351,-64.39208678529
267.5,-64.39208678529,-64.0869110185351,-64.39208678529,-64.0869110185351,-64.39208678529
268,-64.39208678529,-64.0869110185351,-64.39208678529,-64.0869110185351,-64.39208678529
268.5,-64.39208678529,-64.0869110185351,-64.39208678529,-64.0869110185351,-64.39208678529
269,-64.0869110185351,-64.39208678529,-64.39208678529,-64.0869110185351,-64.39208678529
269.5,-64.39208678529,-64.39208678529,-64.39208678529,-64.0869110185351,-64.39208678529
270,-64.39208678529,-64.39208678529,-64.39208678529,-64.0869110185351,-64.39208678529
270.5,-64.0869110185351,-64.0869110185351,-64.39208678529,-64.0869110185351,-64.0869110185351
271,-64.0869110185351,-64.0869110185351,-64.39208678529,-64.0869110185351,-64.0869110185351
271.5,-64.0869110185351,-64.0869110185351,-64.39208678529,-63.7817352517801,-64.0869110185351
272,-64.0869110185351,-64.0869110185351,-64.39208678529,-63.7817352517801,-64.0869110185351
272.5,-64.0869110185351,-64.0869110185351,-64.0869110185351,-64.0869110185351,-64.0869110185351
273,-64.0869110185351,-64.0869110185351,-64.39208678529,-64.0869110185351,-64.0869110185351
273.5,-64.39208678529,-64.39208678529,-64.39208678529,-64.0869110185351,-64.0869110185351
274,-64.39208678529,-64.39208678529,-64.39208678529,-64.0869110185351,-64.39208678529
274.5,-64.39208678529,-64.39208678529,-64.39208678529,-64.0869110185351,-64.39208678529
275,-64.39208678529,-64.39208678529,-64.6972625520449,-64.39208678529,-64.39208678529
275.5,-64.39208678529,-64.39208678529,-64.39208678529,-64.39208678529,-64.39208678529
276,-64.39208678529,-64.39208678529,-64.39208678529,-64.39208678529,-64.39208678529
276.5,-64.39208678529,-64.39208678529,-64.39208678529,-64.39208678529,-64.6972625520449
277,-64.6972625520449,-64.39208678529,-64.6972625520449,-64.39208678529,-64.39208678529
277.5,-64.6972625520449,-64.6972625520449,-64.6972625520449,-64.39208678529,-64.6972625520449
278,-64.39208678529,-64.6972625520449,-64.6972625520449,-64.39208678529,-64.6972625520449
278.5,-64.39208678529,-64.39208678529,-64.39208678529,-64.39208678529,-64.39208678529
279,-64.0869110185351,-64.39208678529,-64.39208678529,-64.0869110185351,-64.39208678529
279.5,-64.39208678529,-64.39208678529,-64.6972625520449,-64.39208678529,-64.6972625520449
280,-64.6972625520449,-64.6972625520449,-64.6972625520449,-64.39208678529,-64.6972625520449
280.5,-64.6972625520449,-64.6972625520449,-64.6972625520449,-64.39208678529,-64.6972625520449
281,-64.6972625520449,-64.6972625520449,-64.6972625520449,-64.6972625520449,-64.6972625520449
281.5,-64.39208678529,-64.6972625520449,-64.6972625520449,-64.6972625520449,-64.6972625520449
282,-64.6972625520449,-64.6972625520449,-64.6972625520449,-64.39208678529,-64.6972625520449
282.5,-64.39208678529,-64.39208678529,-64.6972625520449,-64.39208678529,-64.6972625520449
283,-64.39208678529,-64.6972625520449,-64.6972625520449,-64.6972625520449,-64.6972625520449
283.5,-64.39208678529,-64.39208678529,-64.6972625520449,-64.39208678529,-64.6972625520449
284,-64.39208678529,-64.39208678529,-64.6972625520449,-64.39208678529,-64.39208678529
284.5,-64.39208678529,-64.39208678529,-64.39208678529,-64.39208678529,-64.39208678529
285,-64.39208678529,-64.39208678529,-64.6972625520449,-64.39208678529,-64.6972625520449
285.5,-64.39208678529,-64.39208678529,-64.39208678529,-64.39208678529,-64.39208678529
286,-64.0869110185351,-64.39208678529,-64.39208678529,-64.39208678529,-64.39208678529
286.5,-64.39208678529,-64.39208678529,-64.39208678529,-64.39208678529,-64.39208678529
287,-64.0869110185351,-64.0869110185351,-64.39208678529,-64.0869110185351,-64.39208678529
287.5,-64.0869110185351,-64.39208678529,-64.39208678529,-64.39208678529,-64.39208678529
288,-64.39208678529,-64.39208678529,-64.39208678529,-64.39208678529,-64.39208678529
288.5,-64.39208678529,-64.39208678529,-64.39208678529,-64.39208678529,-64.39208678529
289,-64.0869110185351,-64.0869110185351,-64.39208678529,-64.39208678529,-64.39208678529
289.5,-64.0869110185351,-64.39208678529,-64.39208678529,-64.39208678529,-64.39208678529
290,-64.0869110185351,-64.39208678529,-64.39208678529,-64.39208678529,-64.39208678529
290.5,-64.0869110185351,-64.0869110185351,-64.39208678529,-64.0869110185351,-64.0869110185351
291,-64.0869110185351,-64.0869110185351,-64.0869110185351,-64.0869110185351,-64.0869110185351
291.5,-64.0869110185351,-64.0869110185351,-64.0869110185351,-64.0869110185351,-64.39208678529
292,-64.0869110185351,-64.0869110185351,-64.39208678529,-64.0869110185351,-64.0869110185351
292.5,-64.0869110185351,-64.0869110185351,-64.0869110185351,-64.0869110185351,-64.0869110185351
293,-64.0869110185351,-64.0869110185351,-64.0869110185351,-64.0869110185351,-64.0869110185351
293.5,-64.0869110185351,-64.39208678529,-64.39208678529,-64.39208678529,-64.39208678529
294,-64.39208678529,-64.39208678529,-64.39208678529,-64.39208678529,-64.39208678529
294.5,-64.39208678529,-64.39208678529,-64.39208678529,-64.39208678529,-64.39208678529
295,-64.39208678529,-64.39208678529,-64.39208678529,-64.39208678529,-64.39208678529
295.5,-64.39208678529,-64.39208678529,-64.39208678529,-64.39208678529,-64.39208678529
296,-64.39208678529,-64.39208678529,-64.39208678529,-64.39208678529,-64.6972625520449
296.5,-64.39208678529,-64.6972625520449,-64.6972625520449,-64.39208678529,-64.39208678529
297,-64.6972625520449,-64.6972625520449,-64.6972625520449,-64.39208678529,-64.39208678529
297.5,-64.6972625520449,-64.6972625520449,-64.6972625520449,-64.6972625520449,-64.6972625520449
298,-64.6972625520449,-64.6972625520449,-64.6972625520449,-64.6972625520449,-64.6972625520449
298.5,-64.39208678529,-64.39208678529,-64.6972625520449,-64.39208678529,-64.39208678529
299,-64.39208678529,-64.39208678529,-64.39208678529,-64.39208678529,-64.39208678529
299.5,-64.39208678529,-64.6972625520449,-64.39208678529,-64.39208678529,-64.39208678529
300,-64.6972625520449,-64.6972625520449,-64.6972625520449,-64.6972625520449,-64.6972625520449
300.5,-64.6972625520449,-64.6972625520449,-64.6972625520449,-64.6972625520449,-64.6972625520449
301,-64.6972625520449,-64.6972625520449,-64.6972625520449,-64.6972625520449,-64.6972625520449
301.5,-64.6972625520449,-64.6972625520449,-64.6972625520449,-64.6972625520449,-64.39208678529
302,-64.6972625520449,-64.6972625520449,-64.6972625520449,-64.6972625520449,-64.6972625520449
302.5,-64.39208678529,-64.6972625520449,-64.6972625520449,-64.6972625520449,-64.6972625520449
303,-64.39208678529,-64.6972625520449,-64.6972625520449,-64.6972625520449,-64.6972625520449
303.5,-64.6972625520449,-64.6972625520449,-64.6972625520449,-64.39208678529,-64.39208678529
304,-64.39208678529,-64.6972625520449,-64.6972625520449,-64.39208678529,-64.39208678529
304.5,-64.39208678529,-64.39208678529,-64.6972625520449,-64.6972625520449,-64.6972625520449
305,-64.39208678529,-64.39208678529,-64.6972625520449,-64.39208678529,-64.6972625520449
305.5,-64.39208678529,-64.39208678529,-64.39208678529,-64.39208678529,-64.39208678529
306,-64.39208678529,-64.39208678529,-64.39208678529,-64.39208678529,-64.39208678529
306.5,-64.39208678529,-64.39208678529,-64.39208678529,-64.39208678529,-64.39208678529
307,-64.39208678529,-64.39208678529,-64.39208678529,-64.39208678529,-64.39208678529
307.5,-64.39208678529,-64.39208678529,-64.39208678529,-64.39208678529,-64.39208678529
308,-64.39208678529,-64.39208678529,-64.39208678529,-64.39208678529,-64.39208678529
308.5,-64.39208678529,-64.39208678529,-64.39208678529,-64.39208678529,-64.39208678529
309,-64.0869110185351,-64.0869110185351,-64.39208678529,-64.39208678529,-64.39208678529
309.5,-64.39208678529,-64.39208678529,-64.6972625520449,-64.39208678529,-64.39208678529
310,-64.39208678529,-64.39208678529,-64.39208678529,-64.39208678529,-64.0869110185351
310.5,-64.0869110185351,-64.0869110185351,-64.0869110185351,-64.0869110185351,-64.39208678529
311,-64.0869110185351,-64.0869110185351,-64.0869110185351,-64.39208678529,-64.0869110185351
311.5,-64.0869110185351,-64.39208678529,-64.39208678529,-64.0869110185351,-64.0869110185351
312,-64.0869110185351,-64.39208678529,-64.0869110185351,-64.39208678529,-64.0869110185351
312.5,-64.0869110185351,-64.0869110185351,-64.0869110185351,-64.0869110185351,-64.0869110185351
313,-64.0869110185351,-64.0869110185351,-64.0869110185351,-64.0869110185351,-64.0869110185351
313.5,-64.0869110185351,-64.39208678529,-64.39208678529,-64.39208678529,-64.39208678529
314,-64.6972625520449,-64.39208678529,-64.39208678529,-64.39208678529,-64.0869110185351
314.5,-64.39208678529,-64.39208678529,-64.39208678529,-64.39208678529,-64.39208678529
315,-64.39208678529,-64.39208678529,-64.39208678529,-64.39208678529,-64.6972625520449
315.5,-64.39208678529,-64.39208678529,-64.39208678529,-64.6972625520449,-64.39208678529
316,-64.39208678529,-64.39208678529,-64.39208678529,-64.39208678529,-64.39208678529
316.5,-64.39208678529,-64.39208678529,-64.39208678529,-64.39208678529,-64.6972625520449
317,-64.6972625520449,-64.6972625520449,-64.6972625520449,-64.39208678529,-64.6972625520449
317.5,-64.6972625520449,-64.6972625520449,-64.6972625520449,-64.6972625520449,-64.6972625520449
318,-64.6972625520449,-64.6972625520449,-64.6972625520449,-64.6972625520449,-64.6972625520449
318.5,-64.39208678529,-64.39208678529,-64.39208678529,-64.39208678529,-64.6972625520449
319,-64.39208678529,-64.39208678529,-64.39208678529,-64.39208678529,-64.39208678529
319.5,-64.39208678529,-64.39208678529,-64.6972625520449,-64.6972625520449,-64.6972625520449
320,-64.6972625520449,-65.0024383187999,-64.6972625520449,-64.6972625520449,-64.6972625520449
320.5,-64.6972625520449,-64.6972625520449,-64.6972625520449,-64.6972625520449,-64.6972625520449
321,-64.6972625520449,-64.6972625520449,-64.6972625520449,-64.6972625520449,-64.6972625520449
321.5,-64.6972625520449,-64.6972625520449,-64.6972625520449,-64.6972625520449,-64.6972625520449
322,-64.39208678529,-64.6972625520449,-64.6972625520449,-64.39208678529,-64.6972625520449
322.5,-64.6972625520449,-64.6972625520449,-64.6972625520449,-64.6972625520449,-64.6972625520449
323,-64.6972625520449,-64.6972625520449,-64.6972625520449,-64.39208678529,-64.6972625520449
323.5,-64.6972625520449,-64.39208678529,-64.39208678529,-64.39208678529,-64.6972625520449
324,-64.39208678529,-64.39208678529,-64.39208678529,-64.39208678529,-64.39208678529
324.5,-64.6972625520449,-64.39208678529,-64.6972625520449,-64.39208678529,-64.39208678529
325,-64.39208678529,-64.39208678529,-64.39208678529,-64.39208678529,-64.39208678529
325.5,-64.39208678529,-64.39208678529,-64.39208678529,-64.39208678529,-64.6972625520449
326,-64.39208678529,-64.39208678529,-64.39208678529,-64.39208678529,-64.39208678529
326.5,-64.39208678529,-64.39208678529,-64.39208678529,-64.39208678529,-64.39208678529
327,-64.39208678529,-64.39208678529,-64.39208678529,-64.39208678529,-64.39208678529
327.5,-64.39208678529,-64.39208678529,-64.0869110185351,-64.39208678529,-64.39208678529
328,-64.39208678529,-64.39208678529,-64.39208678529,-64.39208678529,-64.39208678529
328.5,-64.39208678529,-64.39208678529,-64.39208678529,-64.39208678529,-64.39208678529
329,-64.39208678529,-64.39208678529,-64.0869110185351,-64.0869110185351,-64.39208678529
329.5,-64.39208678529,-64.39208678529,-64.39208678529,-64.39208678529,-64.39208678529
330,-64.39208678529,-64.0869110185351,-64.0869110185351,-64.39208678529,-64.39208678529
330.5,-64.0869110185351,-64.0869110185351,-64.0869110185351,-64.0869110185351,-64.0869110185351
331,-64.0869110185351,-64.0869110185351,-64.0869110185351,-64.0869110185351,-64.0869110185351
331.5,-64.0869110185351,-64.0869110185351,-63.7817352517801,-64.0869110185351,-64.0869110185351
332,-64.0869110185351,-64.0869110185351,-64.0869110185351,-64.39208678529,-64.39208678529
332.5,-64.0869110185351,-64.0869110185351,-64.0869110185351,-64.0869110185351,-64.0869110185351
333,-64.0869110185351,-64.0869110185351,-64.0869110185351,-64.0869110185351,-64.0869110185351
333.5,-64.39208678529,-64.0869110185351,-64.39208678529,-64.39208678529,-64.39208678529
334,-64.39208678529,-64.39208678529,-64.39208678529,-64.39208678529,-64.39208678529
334.5,-64.39208678529,-64.39208678529,-64.39208678529,-64.39208678529,-64.39208678529
335,-64.39208678529,-64.39208678529,-64.39208678529,-64.39208678529,-64.39208678529
335.5,-64.39208678529,-64.39208678529,-64.39208678529,-64.39208678529,-64.39208678529
336,-64.39208678529,-64.39208678529,-64.39208678529,-64.39208678529,-64.39208678529
336.5,-64.39208678529,-64.39208678529,-64.39208678529,-64.6972625520449,-64.39208678529
337,-64.39208678529,-64.6972625520449,-64.6972625520449,-64.6972625520449,-64.6972625520449
337.5,-64.6972625520449,-64.6972625520449,-64.6972625520449,-64.6972625520449,-64.6972625520449
338,-64.6972625520449,-64.39208678529,-64.6972625520449,-64.6972625520449,-64.6972625520449
338.5,-64.39208678529,-64.39208678529,-64.39208678529,-64.6972625520449,-64.39208678529
339,-64.0869110185351,-64.39208678529,-64.39208678529,-64.39208678529,-64.39208678529
339.5,-64.39208678529,-64.6972625520449,-64.39208678529,-64.6972625520449,-64.6972625520449
340,-64.6972625520449,-64.6972625520449,-64.6972625520449,-64.6972625520449,-64.6972625520449
340.5,-64.6972625520449,-64.6972625520449,-64.6972625520449,-64.6972625520449,-64.6972625520449
341,-64.6972625520449,-64.6972625520449,-64.6972625520449,-64.6972625520449,-64.6972625520449
341.5,-64.6972625520449,-64.6972625520449,-64.6972625520449,-64.6972625520449,-64.39208678529
342,-64.6972625520449,-64.6972625520449,-64.39208678529,-64.39208678529,-64.39208678529
342.5,-64.39208678529,-64.6972625520449,-64.39208678529,-64.6972625520449,-64.6972625520449
343,-64.39208678529,-64.39208678529,-64.6972625520449,-64.6972625520449,-64.6972625520449
343.5,-64.39208678529,-64.6972625520449,-64.39208678529,-64.39208678529,-64.39208678529
344,-64.39208678529,-64.39208678529,-64.39208678529,-64.6972625520449,-64.39208678529
344.5,-64.39208678529,-64.39208678529,-64.39208678529,-64.39208678529,-64.6972625520449
345,-64.39208678529,-64.39208678529,-64.39208678529,-64.6972625520449,-64.39208678529
345.5,-64.39208678529,-64.39208678529,-64.39208678529,-64.39208678529,-64.39208678529
346,-64.39208678529,-64.39208678529,-64.39208678529,-64.39208678529,-64.39208678529
346.5,-64.39208678529,-64.39208678529,-64.39208678529,-64.39208678529,-64.39208678529
347,-64.0869110185351,-64.0869110185351,-64.39208678529,-64.39208678529,-64.39208678529
347.5,-64.0869110185351,-64.39208678529,-64.39208678529,-64.39208678529,-64.39208678529
348,-64.39208678529,-64.39208678529,-64.39208678529,-64.39208678529,-64.39208678529
348.5,-64.39208678529,-64.39208678529,-64.0869110185351,-64.39208678529,-64.39208678529
349,-64.39208678529,-64.0869110185351,-64.39208678529,-64.39208678529,-64.39208678529
349.5,-64.39208678529,-64.39208678529,-64.39208678529,-64.39208678529,-64.39208678529
350,-64.39208678529,-64.39208678529,-64.39208678529,-64.39208678529,-64.39208678529
350.5,-64.0869110185351,-64.0869110185351,-64.0869110185351,-64.0869110185351,-64.0869110185351
351,-64.0869110185351,-64.0869110185351,-64.0869110185351,-64.0869110185351,-64.39208678529
351.5,-64.0869110185351,-64.0869110185351,-64.0869110185351,-64.0869110185351,-64.0869110185351
352,-64.0869110185351,-64.0869110185351,-64.0869110185351,-64.0869110185351,-64.0869110185351
352.5,-64.0869110185351,-64.0869110185351,-64.0869110185351,-64.0869110185351,-64.0869110185351
353,-64.0869110185351,-63.7817352517801,-64.0869110185351,-64.0869110185351,-64.0869110185351
353.5,-64.0869110185351,-64.0869110185351,-64.39208678529,-64.39208678529,-64.0869110185351
354,-64.39208678529,-64.39208678529,-64.39208678529,-64.39208678529,-64.39208678529
354.5,-64.39208678529,-64.39208678529,-64.39208678529,-64.39208678529,-64.39208678529
355,-64.39208678529,-64.39208678529,-64.39208678529,-64.39208678529,-64.39208678529
355.5,-64.39208678529,-64.39208678529,-64.39208678529,-64.39208678529,-64.39208678529
356,-64.39208678529,-64.39208678529,-64.39208678529,-64.39208678529,-64.39208678529
356.5,-64.39208678529,-64.39208678529,-64.39208678529,-64.39208678529,-64.39208678529
357,-64.6972625520449,-64.39208678529,-64.6972625520449,-64.39208678529,-64.39208678529
357.5,-64.6972625520449,-64.6972625520449,-64.6972625520449,-64.6972625520449,-64.6972625520449
358,-64.6972625520449,-64.6972625520449,-64.6972625520449,-64.6972625520449,-64.6972625520449
358.5,-64.39208678529,-64.39208678529,-64.39208678529,-64.39208678529,-64.39208678529
359,-64.39208678529,-64.0869110185351,-64.39208678529,-64.39208678529,-64.39208678529
359.5,-64.39208678529,-64.39208678529,-64.6972625520449,-64.6972625520449,-64.6972625520449
360,-64.6972625520449,-64.6972625520449,-65.0024383187999,-64.6972625520449,-64.6972625520449
360.5,-64.6972625520449,-64.6972625520449,-64.6972625520449,-64.6972625520449,-64.6972625520449
361,-64.6972625520449,-64.6972625520449,-64.6972625520449,-64.6972625520449,-64.6972625520449
361.5,-64.39208678529,-64.6972625520449,-64.6972625520449,-64.6972625520449,-64.6972625520449
362,-64.39208678529,-64.6972625520449,-64.6972625520449,-64.6972625520449,-64.6972625520449
362.5,-64.39208678529,-64.39208678529,-64.6972625520449,-64.6972625520449,-64.6972625520449
363,-64.6972625520449,-64.39208678529,-64.6972625520449,-64.6972625520449,-64.6972625520449
363.5,-64.6972625520449,-64.39208678529,-64.39208678529,-64.39208678529,-64.39208678529
364,-64.39208678529,-64.39208678529,-64.39208678529,-64.6972625520449,-64.6972625520449
364.5,-64.39208678529,-64.39208678529,-64.6972625520449,-64.6972625520449,-64.39208678529
365,-64.39208678529,-64.39208678529,-64.6972625520449,-64.6972625520449,-64.39208678529
365.5,-64.39208678529,-64.39208678529,-64.39208678529,-64.39208678529,-64.39208678529
366,-64.39208678529,-64.39208678529,-64.39208678529,-64.39208678529,-64.39208678529
366.5,-64.39208678529,-64.0869110185351,-64.39208678529,-64.39208678529,-64.39208678529
367,-64.39208678529,-64.39208678529,-64.39208678529,-64.39208678529,-64.39208678529
367.5,-64.39208678529,-64.0869110185351,-64.39208678529,-64.39208678529,-64.39208678529
368,-64.39208678529,-64.39208678529,-64.0869110185351,-64.39208678529,-64.39208678529
368.5,-64.39208678529,-64.0869110185351,-64.39208678529,-64.39208678529,-64.39208678529
369,-64.0869110185351,-64.39208678529,-64.39208678529,-64.39208678529,-64.39208678529
369.5,-64.39208678529,-64.39208678529,-64.39208678529,-64.39208678529,-64.39208678529
370,-64.39208678529,-64.39208678529,-64.0869110185351,-64.0869110185351,-64.39208678529
370.5,-64.0869110185351,-64.0869110185351,-64.0869110185351,-64.39208678529,-64.0869110185351
371,-64.0869110185351,-64.0869110185351,-64.0869110185351,-64.0869110185351,-64.0869110185351
371.5,-64.0869110185351,-64.0869110185351,-64.0869110185351,-64.0869110185351,-64.0869110185351
372,-64.0869110185351,-64.0869110185351,-64.0869110185351,-64.0869110185351,-64.0869110185351
372.5,-64.0869110185351,-64.0869110185351,-63.7817352517801,-64.0869110185351,-64.0869110185351
373,-64.0869110185351,-64.0869110185351,-64.0869110185351,-64.0869110185351,-64.0869110185351
373.5,-64.39208678529,-64.39208678529,-64.39208678529,-64.39208678529,-64.0869110185351
374,-64.39208678529,-64.39208678529,-64.39208678529,-64.39208678529,-64.39208678529
374.5,-64.39208678529,-64.39208678529,-64.39208678529,-64.39208678529,-64.39208678529
375,-64.39208678529,-64.39208678529,-64.39208678529,-64.39208678529,-64.39208678529
375.5,-64.39208678529,-64.39208678529,-64.6972625520449,-64.39208678529,-64.39208678529
376,-64.39208678529,-64.39208678529,-64.39208678529,-64.39208678529,-64.39208678529
376.5,-64.39208678529,-64.39208678529,-64.39208678529,-64.39208678529,-64.6972625520449
377,-64.39208678529,-64.6972625520449,-64.6972625520449,-64.6972625520449,-64.39208678529
377.5,-64.6972625520449,-64.6972625520449,-64.6972625520449,-64.6972625520449,-64.39208678529
378,-64.6972625520449,-64.6972625520449,-64.6972625520449,-64.6972625520449,-64.39208678529
378.5,-64.39208678529,-64.39208678529,-64.39208678529,-64.39208678529,-64.39208678529
379,-64.39208678529,-64.39208678529,-64.39208678529,-64.39208678529,-64.0869110185351
379.5,-64.39208678529,-64.6972625520449,-64.6972625520449,-64.6972625520449,-64.39208678529
380,-64.6972625520449,-64.6972625520449,-64.6972625520449,-64.6972625520449,-64.39208678529
380.5,-64.6972625520449,-64.6972625520449,-64.6972625520449,-64.6972625520449,-64.6972625520449
381,-64.39208678529,-64.6972625520449,-64.6972625520449,-64.6972625520449,-64.6972625520449
381.5,-64.6972625520449,-64.6972625520449,-64.6972625520449,-64.6972625520449,-64.6972625520449
382,-64.6972625520449,-64.6972625520449,-64.6972625520449,-64.6972625520449,-64.39208678529
382.5,-64.6972625520449,-64.6972625520449,-64.39208678529,-64.6972625520449,-64.6972625520449
383,-64.39208678529,-64.39208678529,-64.39208678529,-64.6972625520449,-64.6972625520449
383.5,-64.39208678529,-64.39208678529,-64.39208678529,-64.6972625520449,-64.39208678529
384,-64.39208678529,-64.39208678529,-64.39208678529,-64.6972625520449,-64.39208678529
384.5,-64.39208678529,-64.39208678529,-64.39208678529,-64.39208678529,-64.39208678529
385,-64.39208678529,-64.39208678529,-64.39208678529,-64.39208678529,-64.39208678529
385.5,-64.39208678529,-64.39208678529,-64.39208678529,-64.39208678529,-64.39208678529
386,-64.39208678529,-64.39208678529,-64.39208678529,-64.39208678529,-64.0869110185351
386.5,-64.39208678529,-64.39208678529,-64.0869110185351,-64.39208678529,-64.0869110185351
387,-64.0869110185351,-64.39208678529,-64.39208678529,-64.39208678529,-64.39208678529
387.5,-64.0869110185351,-64.0869110185351,-64.39208678529,-64.39208678529,-64.39208678529
388,-64.0869110185351,-64.39208678529,-64.39208678529,-64.39208678529,-64.39208678529
388.5,-64.39208678529,-64.39208678529,-64.0869110185351,-64.39208678529,-64.0869110185351
389,-64.39208678529,-64.0869110185351,-64.0869110185351,-64.39208678529,-64.0869110185351
389.5,-64.39208678529,-64.39208678529,-64.0869110185351,-64.39208678529,-64.39208678529
390,-64.39208678529,-64.39208678529,-64.39208678529,-64.39208678529,-64.0869110185351
390.5,-64.39208678529,-64.0869110185351,-64.0869110185351,-64.0869110185351,-64.0869110185351
391,-64.0869110185351,-64.0869110185351,-64.0869110185351,-64.0869110185351,-64.0869110185351
391.5,-64.0869110185351,-64.0869110185351,-64.0869110185351,-64.0869110185351,-64.0869110185351
392,-64.0869110185351,-64.0869110185351,-64.0869110185351,-64.0869110185351,-64.0869110185351
392.5,-64.0869110185351,-64.0869110185351,-63.7817352517801,-64.0869110185351,-64.0869110185351
393,-64.0869110185351,-64.0869110185351,-63.7817352517801,-64.0869110185351,-64.0869110185351
393.5,-64.39208678529,-64.0869110185351,-64.0869110185351,-64.39208678529,-64.39208678529
394,-64.39208678529,-64.0869110185351,-64.39208678529,-64.39208678529,-64.39208678529
394.5,-64.39208678529,-64.39208678529,-64.39208678529,-64.39208678529,-64.39208678529
395,-64.39208678529,-64.39208678529,-64.39208678529,-64.39208678529,-64.39208678529
395.5,-64.39208678529,-64.39208678529,-64.39208678529,-64.39208678529,-64.39208678529
396,-64.39208678529,-64.39208678529,-64.39208678529,-64.39208678529,-64.39208678529
396.5,-64.6972625520449,-64.39208678529,-64.39208678529,-64.39208678529,-64.39208678529
397,-64.6972625520449,-64.39208678529,-64.39208678529,-64.39208678529,-64.39208678529
397.5,-64.6972625520449,-64.6972625520449,-64.39208678529,-64.39208678529,-64.6972625520449
398,-64.6972625520449,-64.39208678529,-64.39208678529,-64.6972625520449,-64.6972625520449
398.5,-64.39208678529,-64.39208678529,-64.39208678529,-64.39208678529,-64.39208678529
399,-64.39208678529,-64.39208678529,-64.39208678529,-64.39208678529,-64.0869110185351
399.5,-64.39208678529,-64.39208678529,-64.39208678529,-64.39208678529,-64.39208678529
400,-64.6972625520449,-64.6972625520449,-64.39208678529,-64.6972625520449,-64.6972625520449
400.5,-64.6972625520449,-64.6972625520449,-64.6972625520449,-64.6972625520449,-64.6972625520449
401,-64.6972625520449,-64.6972625520449,-64.6972625520449,-64.6972625520449,-64.6972625520449
401.5,-64.6972625520449,-64.6972625520449,-64.39208678529,-64.39208678529,-64.39208678529
402,-64.6972625520449,-64.6972625520449,-64.39208678529,-64.39208678529,-64.6972625520449
402.5,-64.6972625520449,-64.39208678529,-64.39208678529,-64.6972625520449,-64.6972625520449
403,-64.6972625520449,-64.6972625520449,-64.39208678529,-64.6972625520449,-64.6972625520449
403.5,-64.39208678529,-64.39208678529,-64.39208678529,-64.39208678529,-64.39208678529
404,-64.39208678529,-64.39208678529,-64.39208678529,-64.39208678529,-64.6972625520449
404.5,-64.39208678529,-64.39208678529,-64.39208678529,-64.6972625520449,-64.39208678529
405,-64.39208678529,-64.39208678529,-64.39208678529,-64.39208678529,-64.39208678529
405.5,-64.39208678529,-64.39208678529,-64.39208678529,-64.39208678529,-64.39208678529
406,-64.39208678529,-64.39208678529,-64.0869110185351,-64.39208678529,-64.39208678529
406.5,-64.39208678529,-64.39208678529,-64.0869110185351,-64.39208678529,-64.39208678529
407,-64.39208678529,-64.0869110185351,-64.39208678529,-64.39208678529,-64.39208678529
407.5,-64.39208678529,-64.39208678529,-64.0869110185351,-64.0869110185351,-64.39208678529
408,-64.39208678529,-64.39208678529,-64.0869110185351,-64.0869110185351,-64.39208678529
408.5,-64.39208678529,-64.39208678529,-64.0869110185351,-64.0869110185351,-64.0869110185351
409,-64.39208678529,-64.0869110185351,-64.0869110185351,-64.39208678529,-64.39208678529
409.5,-64.39208678529,-64.39208678529,-64.0869110185351,-64.39208678529,-64.0869110185351
410,-64.39208678529,-64.39208678529,-64.0869110185351,-64.0869110185351,-64.0869110185351
410.5,-64.0869110185351,-64.0869110185351,-64.0869110185351,-64.0869110185351,-64.0869110185351
411,-64.0869110185351,-64.0869110185351,-64.0869110185351,-64.0869110185351,-64.0869110185351
411.5,-64.0869110185351,-64.0869110185351,-64.0869110185351,-64.0869110185351,-64.0869110185351
412,-64.0869110185351,-64.0869110185351,-64.0869110185351,-63.7817352517801,-64.0869110185351
412.5,-64.0869110185351,-64.0869110185351,-63.7817352517801,-64.0869110185351,-64.0869110185351
413,-64.0869110185351,-63.7817352517801,-64.0869110185351,-63.7817352517801,-64.0869110185351
413.5,-64.0869110185351,-64.39208678529,-64.0869110185351,-64.0869110185351,-64.0869110185351
414,-64.39208678529,-64.39208678529,-64.0869110185351,-64.39208678529,-64.39208678529
414.5,-64.39208678529,-64.39208678529,-64.0869110185351,-64.0869110185351,-64.39208678529
415,-64.39208678529,-64.39208678529,-64.39208678529,-64.39208678529,-64.39208678529
415.5,-64.39208678529,-64.39208678529,-64.39208678529,-64.39208678529,-64.0869110185351
416,-64.39208678529,-64.39208678529,-64.39208678529,-64.39208678529,-64.39208678529
416.5,-64.39208678529,-64.39208678529,-64.39208678529,-64.39208678529,-64.39208678529
417,-64.6972625520449,-64.39208678529,-64.39208678529,-64.39208678529,-64.39208678529
417.5,-64.39208678529,-64.6972625520449,-64.39208678529,-64.39208678529,-64.39208678529
418,-64.6972625520449,-64.6972625520449,-64.39208678529,-64.6972625520449,-64.6972625520449
418.5,-64.39208678529,-64.39208678529,-64.39208678529,-64.39208678529,-64.39208678529
419,-64.39208678529,-64.0869110185351,-64.39208678529,-64.0869110185351,-64.39208678529
419.5,-64.39208678529,-64.39208678529,-64.39208678529,-64.39208678529,-64.39208678529
420,-64.6972625520449,-64.6972625520449,-64.6972625520449,-64.6972625520449,-64.6972625520449
420.5,-64.6972625520449,-64.6972625520449,-64.39208678529,-64.6972625520449,-64.6972625520449
421,-64.6972625520449,-64.6972625520449,-64.39208678529,-64.39208678529,-64.6972625520449
421.5,-64.6972625520449,-64.6972625520449,-64.39208678529,-64.6972625520449,-64.39208678529
422,-64.39208678529,-64.6972625520449,-64.39208678529,-64.39208678529,-64.39208678529
422.5,-64.39208678529,-64.39208678529,-64.39208678529,-64.39208678529,-64.39208678529
423,-64.39208678529,-64.6972625520449,-64.39208678529,-64.39208678529,-64.39208678529
423.5,-64.39208678529,-64.39208678529,-64.39208678529,-64.39208678529,-64.39208678529
424,-64.39208678529,-64.39208678529,-64.39208678529,-64.39208678529,-64.39208678529
424.5,-64.39208678529,-64.39208678529,-64.39208678529,-64.39208678529,-64.39208678529
425,-64.39208678529,-64.39208678529,-64.39208678529,-64.39208678529,-64.39208678529
425.5,-64.39208678529,-64.39208678529,-64.0869110185351,-64.39208678529,-64.39208678529
426,-64.39208678529,-64.39208678529,-64.39208678529,-64.39208678529,-64.39208678529
426.5,-64.39208678529,-64.39208678529,-64.0869110185351,-64.0869110185351,-64.0869110185351
427,-64.39208678529,-64.39208678529,-64.0869110185351,-64.0869110185351,-64.0869110185351
427.5,-64.39208678529,-64.39208678529,-64.0869110185351,-64.0869110185351,-64.39208678529
428,-64.0869110185351,-64.0869110185351,-64.0869110185351,-64.39208678529,-64.0869110185351
428.5,-64.39208678529,-64.39208678529,-64.39208678529,-64.0869110185351,-64.0869110185351
429,-64.39208678529,-64.39208678529,-64.0869110185351,-64.0869110185351,-64.0869110185351
429.5,-64.39208678529,-64.39208678529,-64.0869110185351,-64.39208678529,-64.39208678529
430,-64.39208678529,-64.39208678529,-64.0869110185351,-64.0869110185351,-64.0869110185351
430.5,-64.0869110185351,-64.0869110185351,-64.0869110185351,-64.0869110185351,-63.7817352517801
431,-64.0869110185351,-64.0869110185351,-64.0869110185351,-64.0869110185351,-64.0869110185351
431.5,-64.0869110185351,-64.0869110185351,-64.0869110185351,-64.0869110185351,-64.0869110185351
432,-64.0869110185351,-64.0869110185351,-64.0869110185351,-64.0869110185351,-64.0869110185351
432.5,-64.0869110185351,-64.0869110185351,-64.0869110185351,-64.0869110185351,-63.7817352517801
433,-64.0869110185351,-64.0869110185351,-63.7817352517801,-63.7817352517801,-64.0869110185351
433.5,-64.39208678529,-64.39208678529,-64.0869110185351,-64.0869110185351,-64.0869110185351
434,-64.39208678529,-64.39208678529,-64.0869110185351,-64.39208678529,-64.39208678529
434.5,-64.39208678529,-64.39208678529,-64.39208678529,-64.39208678529,-64.39208678529
435,-64.39208678529,-64.39208678529,-64.39208678529,-64.39208678529,-64.39208678529
435.5,-64.39208678529,-64.39208678529,-64.0869110185351,-64.0869110185351,-64.39208678529
436,-64.39208678529,-64.39208678529,-64.0869110185351,-64.39208678529,-64.39208678529
436.5,-64.39208678529,-64.39208678529,-64.39208678529,-64.39208678529,-64.39208678529
437,-64.6972625520449,-64.6972625520449,-64.39208678529,-64.39208678529,-64.0869110185351
437.5,-64.6972625520449,-64.6972625520449,-64.6972625520449,-64.39208678529,-64.39208678529
438,-64.6972625520449,-64.39208678529,-64.39208678529,-64.39208678529,-64.6972625520449
438.5,-64.39208678529,-64.39208678529,-64.39208678529,-64.39208678529,-64.39208678529
439,-64.39208678529,-64.39208678529,-64.0869110185351,-64.0869110185351,-64.0869110185351
439.5,-64.6972625520449,-64.39208678529,-64.39208678529,-64.39208678529,-64.39208678529
440,-64.6972625520449,-64.6972625520449,-64.39208678529,-64.6972625520449,-64.39208678529
440.5,-64.6972625520449,-64.6972625520449,-64.6972625520449,-64.6972625520449,-64.6972625520449
441,-64.6972625520449,-64.6972625520449,-64.39208678529,-64.6972625520449,-64.39208678529
441.5,-64.6972625520449,-64.6972625520449,-64.39208678529,-64.39208678529,-64.39208678529
442,-64.6972625520449,-64.39208678529,-64.39208678529,-64.39208678529,-64.39208678529
442.5,-64.39208678529,-64.39208678529,-64.39208678529,-64.6972625520449,-64.39208678529
443,-64.6972625520449,-64.6972625520449,-64.39208678529,-64.39208678529,-64.39208678529
443.5,-64.6972625520449,-64.6972625520449,-64.39208678529,-64.39208678529,-64.39208678529
444,-64.6972625520449,-64.39208678529,-64.39208678529,-64.39208678529,-64.0869110185351
444.5,-64.6972625520449,-64.39208678529,-64.39208678529,-64.39208678529,-64.39208678529
445,-64.39208678529,-64.39208678529,-64.39208678529,-64.39208678529,-64.39208678529
445.5,-64.39208678529,-64.39208678529,-64.0869110185351,-64.0869110185351,-64.0869110185351
446,-64.39208678529,-64.39208678529,-64.0869110185351,-64.0869110185351,-64.0869110185351
446.5,-64.39208678529,-64.39208678529,-64.0869110185351,-64.0869110185351,-64.39208678529
447,-64.39208678529,-64.39208678529,-64.0869110185351,-64.39208678529,-64.0869110185351
447.5,-64.39208678529,-64.39208678529,-64.0869110185351,-64.39208678529,-64.0869110185351
448,-64.39208678529,-64.39208678529,-64.39208678529,-64.0869110185351,-64.0869110185351
448.5,-64.39208678529,-64.0869110185351,-64.0869110185351,-64.0869110185351,-64.0869110185351
449,-64.39208678529,-64.0869110185351,-64.0869110185351,-64.0869110185351,-64.0869110185351
449.5,-64.39208678529,-64.39208678529,-64.39208678529,-64.39208678529,-64.0869110185351
450,-64.39208678529,-64.39208678529,-64.0869110185351,-64.0869110185351,-64.0869110185351
450.5,-64.0869110185351,-64.0869110185351,-64.0869110185351,-64.0869110185351,-64.0869110185351
451,-64.0869110185351,-64.0869110185351,-64.0869110185351,-64.0869110185351,-64.0869110185351
451.5,-64.0869110185351,-64.0869110185351,-64.0869110185351,-64.0869110185351,-64.0869110185351
452,-64.0869110185351,-64.0869110185351,-64.0869110185351,-64.0869110185351,-63.7817352517801
452.5,-64.0869110185351,-64.0869110185351,-63.7817352517801,-64.0869110185351,-64.0869110185351
453,-64.0869110185351,-64.0869110185351,-63.7817352517801,-64.0869110185351,-64.0869110185351
453.5,-64.0869110185351,-64.0869110185351,-64.0869110185351,-64.0869110185351,-64.0869110185351
454,-64.39208678529,-64.39208678529,-64.0869110185351,-64.0869110185351,-64.0869110185351
454.5,-64.39208678529,-64.39208678529,-64.39208678529,-64.39208678529,-64.39208678529
455,-64.39208678529,-64.0869110185351,-64.39208678529,-64.39208678529,-64.39208678529
455.5,-64.39208678529,-64.39208678529,-64.39208678529,-64.39208678529,-64.39208678529
456,-64.39208678529,-64.39208678529,-64.39208678529,-64.39208678529,-64.39208678529
456.5,-64.6972625520449,-64.39208678529,-64.39208678529,-64.39208678529,-64.39208678529
457,-64.6972625520449,-64.39208678529,-64.39208678529,-64.39208678529,-64.39208678529
457.5,-64.6972625520449,-64.39208678529,-64.39208678529,-64.39208678529,-64.39208678529
458,-64.6972625520449,-64.39208678529,-64.6972625520449,-64.39208678529,-64.39208678529
458.5,-64.39208678529,-64.39208678529,-64.39208678529,-64.39208678529,-64.39208678529
459,-64.39208678529,-64.0869110185351,-64.0869110185351,-64.0869110185351,-64.0869110185351
459.5,-64.39208678529,-64.39208678529,-64.39208678529,-64.39208678529,-64.39208678529
460,-64.6972625520449,-64.39208678529,-64.6972625520449,-64.6972625520449,-64.39208678529
460.5,-64.6972625520449,-64.6972625520449,-64.39208678529,-64.6972625520449,-64.6972625520449
461,-64.6972625520449,-64.39208678529,-64.39208678529,-64.6972625520449,-64.39208678529
461.5,-64.39208678529,-64.39208678529,-64.39208678529,-64.6972625520449,-64.39208678529
462,-64.6972625520449,-64.39208678529,-64.39208678529,-64.6972625520449,-64.39208678529
462.5,-64.6972625520449,-64.39208678529,-64.39208678529,-64.6972625520449,-64.39208678529
463,-64.6972625520449,-64.39208678529,-64.39208678529,-64.6972625520449,-64.39208678529
463.5,-64.39208678529,-64.39208678529,-64.39208678529,-64.39208678529,-64.39208678529
464,-64.39208678529,-64.39208678529,-64.39208678529,-64.6972625520449,-64.39208678529
464.5,-64.39208678529,-64.39208678529,-64.39208678529,-64.39208678529,-64.0869110185351
465,-64.6972625520449,-64.39208678529,-64.39208678529,-64.39208678529,-64.39208678529
465.5,-64.39208678529,-64.39208678529,-64.0869110185351,-64.0869110185351,-64.39208678529
466,-64.39208678529,-64.39208678529,-64.0869110185351,-64.39208678529,-64.39208678529
466.5,-64.39208678529,-64.0869110185351,-64.39208678529,-64.39208678529,-64.0869110185351
467,-64.39208678529,-64.39208678529,-64.0869110185351,-64.39208678529,-64.0869110185351
467.5,-64.39208678529,-64.0869110185351,-64.0869110185351,-64.39208678529,-64.0869110185351
468,-64.39208678529,-64.0869110185351,-64.0869110185351,-64.39208678529,-64.0869110185351
468.5,-64.0869110185351,-64.0869110185351,-64.0869110185351,-64.39208678529,-64.0869110185351
469,-64.39208678529,-64.0869110185351,-64.0869110185351,-64.0869110185351,-64.0869110185351
469.5,-64.39208678529,-64.0869110185351,-64.39208678529,-64.39208678529,-64.39208678529
470,-64.39208678529,-64.0869110185351,-64.0869110185351,-64.39208678529,-64.0869110185351
470.5,-64.0869110185351,-64.0869110185351,-64.0869110185351,-64.0869110185351,-64.0869110185351
471,-64.0869110185351,-64.0869110185351,-64.0869110185351,-64.0869110185351,-64.0869110185351
471.5,-64.0869110185351,-64.0869110185351,-64.0869110185351,-64.0869110185351,-64.0869110185351
472,-64.0869110185351,-63.7817352517801,-63.7817352517801,-64.0869110185351,-64.0869110185351
472.5,-64.0869110185351,-63.7817352517801,-63.7817352517801,-64.0869110185351,-63.7817352517801
473,-64.0869110185351,-63.7817352517801,-64.0869110185351,-64.0869110185351,-63.7817352517801
473.5,-64.39208678529,-64.0869110185351,-64.0869110185351,-64.0869110185351,-64.0869110185351
474,-64.39208678529,-64.0869110185351,-64.39208678529,-64.39208678529,-64.39208678529
474.5,-64.39208678529,-64.0869110185351,-64.39208678529,-64.39208678529,-64.39208678529
475,-64.39208678529,-64.39208678529,-64.39208678529,-64.39208678529,-64.39208678529
475.5,-64.39208678529,-64.39208678529,-64.39208678529,-64.39208678529,-64.0869110185351
476,-64.39208678529,-64.39208678529,-64.39208678529,-64.39208678529,-64.0869110185351
476.5,-64.39208678529,-64.39208678529,-64.39208678529,-64.39208678529,-64.39208678529
477,-64.39208678529,-64.39208678529,-64.39208678529,-64.6972625520449,-64.39208678529
477.5,-64.6972625520449,-64.6972625520449,-64.6972625520449,-64.6972625520449,-64.39208678529
478,-64.6972625520449,-64.6972625520449,-64.39208678529,-64.39208678529,-64.39208678529
478.5,-64.39208678529,-64.39208678529,-64.39208678529,-64.39208678529,-64.39208678529
479,-64.39208678529,-64.0869110185351,-64.0869110185351,-64.39208678529,-64.0869110185351
479.5,-64.39208678529,-64.39208678529,-64.39208678529,-64.6972625520449,-64.39208678529
480,-64.6972625520449,-64.39208678529,-64.39208678529,-64.6972625520449,-64.39208678529
480.5,-64.39208678529,-64.39208678529,-64.39208678529,-64.6972625520449,-64.39208678529
481,-64.39208678529,-64.39208678529,-64.39208678529,-64.6972625520449,-64.6972625520449
481.5,-64.39208678529,-64.39208678529,-64.39208678529,-64.6972625520449,-64.39208678529
482,-64.6972625520449,-64.39208678529,-64.39208678529,-64.39208678529,-64.39208678529
482.5,-64.39208678529,-64.39208678529,-64.39208678529,-64.6972625520449,-64.39208678529
483,-64.6972625520449,-64.39208678529,-64.39208678529,-64.6972625520449,-64.39208678529
483.5,-64.39208678529,-64.39208678529,-64.39208678529,-64.39208678529,-64.39208678529
484,-64.39208678529,-64.39208678529,-64.39208678529,-64.39208678529,-64.39208678529
484.5,-64.39208678529,-64.39208678529,-64.39208678529,-64.39208678529,-64.39208678529
485,-64.39208678529,-64.39208678529,-64.39208678529,-64.39208678529,-64.39208678529
485.5,-64.39208678529,-64.0869110185351,-64.39208678529,-64.39208678529,-64.0869110185351
486,-64.39208678529,-64.39208678529,-64.39208678529,-64.39208678529,-64.0869110185351
486.5,-64.39208678529,-64.0869110185351,-64.0869110185351,-64.0869110185351,-64.0869110185351
487,-64.0869110185351,-64.0869110185351,-64.0869110185351,-64.0869110185351,-64.0869110185351
487.5,-64.39208678529,-64.0869110185351,-64.0869110185351,-64.39208678529,-64.0869110185351
488,-64.0869110185351,-64.39208678529,-64.0869110185351,-64.0869110185351,-64.0869110185351
488.5,-64.0869110185351,-64.0869110185351,-64.0869110185351,-64.0869110185351,-64.0869110185351
489,-64.0869110185351,-64.0869110185351,-64.0869110185351,-64.0869110185351,-64.0869110185351
489.5,-64.0869110185351,-64.0869110185351,-64.0869110185351,-64.39208678529,-64.39208678529
490,-64.0869110185351,-64.0869110185351,-64.0869110185351,-64.0869110185351,-64.0869110185351
490.5,-64.0869110185351,-64.0869110185351,-63.7817352517801,-64.0869110185351,-64.0869110185351
491,-64.0869110185351,-64.0869110185351,-63.7817352517801,-64.0869110185351,-64.0869110185351
491.5,-64.0869110185351,-64.0869110185351,-63.7817352517801,-64.0869110185351,-64.0869110185351
492,-64.0869110185351,-64.0869110185351,-64.0869110185351,-64.0869110185351,-64.0869110185351
492.5,-64.0869110185351,-64.0869110185351,-63.7817352517801,-64.0869110185351,-64.0869110185351
493,-64.0869110185351,-63.7817352517801,-63.7817352517801,-64.0869110185351,-63.7817352517801
493.5,-64.0869110185351,-64.0869110185351,-64.0869110185351,-64.0869110185351,-64.0869110185351
494,-64.0869110185351,-64.0869110185351,-64.0869110185351,-64.39208678529,-64.0869110185351
494.5,-64.39208678529,-64.39208678529,-64.39208678529,-64.39208678529,-64.39208678529
495,-64.39208678529,-64.39208678529,-64.0869110185351,-64.39208678529,-64.39208678529
495.5,-64.39208678529,-64.39208678529,-64.0869110185351,-64.39208678529,-64.39208678529
496,-64.39208678529,-64.39208678529,-64.0869110185351,-64.39208678529,-64.39208678529
496.5,-64.39208678529,-64.39208678529,-64.39208678529,-64.39208678529,-64.39208678529
497,-64.39208678529,-64.6972625520449,-64.0869110185351,-64.39208678529,-64.39208678529
497.5,-64.39208678529,-64.6972625520449,-64.39208678529,-64.39208678529,-64.39208678529
498,-64.39208678529,-64.6972625520449,-64.39208678529,-64.6972625520449,-64.39208678529
498.5,-64.39208678529,-64.39208678529,-64.39208678529,-64.39208678529,-64.39208678529
499,-64.0869110185351,-64.39208678529,-64.0869110185351,-64.0869110185351,-64.0869110185351
499.5,-64.39208678529,-64.39208678529,-64.39208678529,-64.39208678529,-64.39208678529
