File Name,Ediast (mV),Peak (mV),APA (mV),dV/dt max y (V/s),Negative dV/dt max y (V/s),SD1,SD2,SD1_SD2 Ratio,APD 20 (ms),APD 50 (ms),APD 80 (ms),APD 90 (ms),Folder,Condition 1,Condition 2,Condition 3,Condition 4
18711038,-72.2734949517546,77.0149946205647,149.288489572319,245.349982862502,-95.2499933468649,0.016499158227686,0.430611111111111,0.0383156816021608,0.439999999999999,2.65,12.82,21.56,RN_CTR_2744_4Hz,RN,CTR,2744,4Hz
18711042,-73.3889948738378,53.5799962574804,126.968991131318,317.049977854314,-30.6999978556299,0.0188561808316414,0.555333333333333,0.0339547073799064,0.999999999999999,5.85,19.38,27.76,RN_CTR_2744_4Hz,RN,CTR,2744,4Hz
18711046,-68.4459952191024,57.5449959805284,125.990991199631,335.349976576078,-31.4166644722378,0.0306412938514167,0.663388888888889,0.0461890368750942,1.48,10.88,25.74,33.19,RN_CTR_2744_4Hz,RN,CTR,2744,4Hz
18711050,-70.7564950577158,68.3349952268556,139.091490284571,290.09997973675,-78.9499944854062,0.011785113019776,0.428277777777778,0.027517451596312,0.450000000000001,3.05,13.72,21.41,RN_CTR_2744_4Hz,RN,CTR,2744,4Hz
18711054,-65.5504954213507,55.7099961087016,121.260491530052,225.399984255995,-69.9999951105561,0.0424264068711926,0.622888888888889,0.0681123192723392,0.460000000000001,3.43,16.8,31.11,RN_CTR_2744_4Hz,RN,CTR,2744,4Hz
18711058,-72.3084949493099,48.749996594852,121.058491544162,319.849977658735,-19.6499986274635,0.0259272486435069,0.643944444444444,0.0402631762214757,1.74,7.91,22.7,32.19,RN_CTR_2744_4Hz,RN,CTR,2744,4Hz
18711071,-72.8404949121501,57.9299959536364,130.770490865787,341.599976139517,-42.1818152354525,0.0235702260395514,0.517222222222222,0.0455707914835581,0.759999999999999,5.13,17.48,25.84,RN_CTR_2744_4Hz,RN,CTR,2744,4Hz
18712049,-72.1444949607651,48.5099966116158,120.654491572381,313.199978123238,-23.3999983655291,0.0141421356237312,0.414111111111111,0.0341505824023559,1.21,5.28,14.39,20.71,RN_CTR_2744_4Hz,RN,CTR,2744,4Hz
18712053,-75.5659947217761,54.8599961680735,130.42599088985,321.099977571423,-32.8999977019617,0.0188561808316415,0.515333333333333,0.0365902603460056,1.02,6.96,19.43,25.76,RN_CTR_2744_4Hz,RN,CTR,2744,4Hz
18712057,-72.5814636802432,55.8799960968273,128.461459777071,353.999975273389,-23.6499983480667,0.032998316455372,0.623888888888889,0.0528913353692517,2.83,12.42,26.64,31.18,RN_CTR_2744_4Hz,RN,CTR,2744,4Hz
18712061,-71.9319949756081,60.4099957804104,132.341990756019,343.699975992835,-32.8499977054541,0.0471404520791035,0.885888888888889,0.0532126011177639,2.43,14.66,35.99,44.28,RN_CTR_2744_4Hz,RN,CTR,2744,4Hz
18712066,-75.5204947249543,58.7749958946139,134.295490619568,351.449975451501,-29.5999979324646,0.0494974746830592,0.7765,0.0637443331398058,1.98,13.38,31.26,38.86,RN_CTR_2744_4Hz,RN,CTR,2744,4Hz
18712072,-75.2459947441279,54.339996204395,129.585990948523,311.149978266426,-39.5999972339722,0.0117851130197759,0.315611111111111,0.0373406150952237,0.809999999999999,3.79,11.04,15.79,RN_CTR_2744_4Hz,RN,CTR,2744,4Hz
18713033,-80.2514943944977,58.1399959389681,138.391490333466,304.599978723938,-55.4499961268625,0.049497474683058,0.8195,0.0603996030299671,0.709999999999999,9.36,31.4,40.96,RN_CTR_2744_4Hz,RN,CTR,2744,4Hz
18713038,-76.6864946435101,56.9799960199932,133.666490663503,333.099976733234,-38.4499973142986,0.0282842712474621,0.642777777777778,0.0440031877661468,1.04,7.29,24.79,32.11,RN_CTR_2744_4Hz,RN,CTR,2744,4Hz
18713044,-72.9424949050255,64.0199955282549,136.96249043328,273.749980878787,-61.0999957322142,0.089566858950296,0.972,0.0921469742286995,0.65,9,36.24,48.51,RN_CTR_2744_4Hz,RN,CTR,2744,4Hz
18716029,-84.2534941149613,65.9499953934459,150.203489508407,315.099977990519,-71.849994981336,0.075424723326565,0.987666666666667,0.0763665777859247,0.52,7.2,35.51,49.42,RN_CTR_2744_4Hz,RN,CTR,2744,4Hz
18716033,-83.4994941676276,59.3949958513074,142.894490018935,360.599974812383,-70.3499950861107,0.0094280904158206,0.367222222222222,0.0256740737495871,0.5,2.83,11.5,18.37,RN_CTR_2744_4Hz,RN,CTR,2744,4Hz
18716037,-83.9044941393387,55.7899961031137,139.694490242452,401.749971938086,-31.449997803243,0.0329983164553727,0.835777777777778,0.039482165394623,1.9,11.2,33.49,41.81,RN_CTR_2744_4Hz,RN,CTR,2744,4Hz
18716042,-85.1194940544719,60.3399957852999,145.459489839772,250.199982523735,-50.8499964481689,0.0353553390593273,0.6405,0.0551995925984813,0.97,9.86,25.58,32.06,RN_CTR_2744_4Hz,RN,CTR,2744,4Hz
18716046,-83.0439941994439,46.4999967520127,129.543990951457,368.649974250094,-22.1999984493479,0.063639610306789,0.698277777777778,0.0911379573173842,1.62,8.55,26.65,34.92,RN_CTR_2744_4Hz,RN,CTR,2744,4Hz
18716051,-83.906994139164,62.2499956518879,146.156989791052,352.099975406105,-66.1999953759833,0.0353553390593275,0.800055555555555,0.0441911049974235,1,10.22,30.03,39.97,RN_CTR_2744_4Hz,RN,CTR,2744,4Hz
18716055,-80.703994362891,67.4749952869259,148.178989649817,338.599976349064,-54.1999962141736,0.183847763108502,1.453,0.126529775023057,1.65,15.56,57.92,72.52,RN_CTR_2744_4Hz,RN,CTR,2744,4Hz
18711043,-70.0954951038861,44.4999968917111,114.595491995597,240.549983197777,-25.9090890993618,0.0188561808316414,0.609,0.0309625301012174,1.13,5.8,20.63,30.44,RN_CTR_2744_7.1Hz,RN,CTR,2744,7.1Hz
18711047,-71.1614950294269,58.1499959382696,129.311490967696,308.149978475971,-38.7499972933442,0.0259272486435063,0.649833333333333,0.0398983051708227,1.21,9.42,24.41,32.48,RN_CTR_2744_7.1Hz,RN,CTR,2744,7.1Hz
18711051,-71.6314949965978,66.2299953738882,137.861490370486,285.59998005107,-74.149994820682707,0.0188561808316415,0.435777777777778,0.0432701752893353,0.48,3.33,14.17,21.78,RN_CTR_2744_7.1Hz,RN,CTR,2744,7.1Hz
18711055,-74.1879948180283,46.8299967289624,121.017991546991,297.249979237328,-31.4999977997506,0.0306412938514171,0.539166666666667,0.0568308386734165,0.919999999999999,4.57,17.4,26.97,RN_CTR_2744_7.1Hz,RN,CTR,2744,7.1Hz
18711059,-73.2064948865853,48.2149966322213,121.421491518807,329.749976967234,-22.299998442363002,0.0235702260395512,0.629222222222222,0.0374593032590431,1.7,8.05,22.86,31.47,RN_CTR_2744_7.1Hz,RN,CTR,2744,7.1Hz
18711072,-73.1044636437121,58.7149958988048,131.819459542517,327.199977145348,-45.7499968043996,0.0235702260395518,0.533333333333333,0.0441941738241595,0.75,5.33,18.11,26.69,RN_CTR_2744_7.1Hz,RN,CTR,2744,7.1Hz
18712050,-71.4229950111613,46.1399967771584,117.56299178832,10.6999992526136,-31.0499978311825,0.0094280904158206,0.404888888888889,0.0232856239688215,1,4.53,13.65,20.24,RN_CTR_2744_7.1Hz,RN,CTR,2744,7.1Hz
18712054,-76.4179946622646,55.9249960936841,132.342990755949,317.399977829865,-43.649996951083,0.0164991582276864,0.493277777777778,0.0334480063180939,0.820000000000001,6.69,18.63,24.67,RN_CTR_2744_7.1Hz,RN,CTR,2744,7.1Hz
18712063,-72.7114949211606,64.1749955174282,136.886490438589,296.149979314162,-44.8999968637712,0.0377123616632829,0.83955555555555506,0.0449194355438785,1.83,14.42,33.96,42.02,RN_CTR_2744_7.1Hz,RN,CTR,2744,7.1Hz
18712067,-75.1229947527193,61.3199957168477,136.442990469567,290.949979677381,-44.8499968672636,0.0212132034355969,0.787166666666667,0.0269488080909552,1.34,11.91,30.61,39.38,RN_CTR_2744_7.1Hz,RN,CTR,2744,7.1Hz
18712073,-75.2484947439532,55.4349961279102,130.683490871863,264.349981535367,-53.5999962560834,0.00707106781186591,0.316722222222222,0.0223257710250108,0.62,3.49,10.97,15.84,RN_CTR_2744_7.1Hz,RN,CTR,2744,7.1Hz
18713034,-80.9439943461272,52.469996335013,133.41399068114,325.349977274564,-44.8999968637712,0.0424264068711926,0.869666666666666,0.0487846763562966,0.93,10.5,34.76,43.44,RN_CTR_2744_7.1Hz,RN,CTR,2744,7.1Hz
18713039,-77.998494551868,55.3399961345458,133.338490686414,343.849975982355,-45.4499968253544,0.0400693842672376,0.678944444444444,0.0590171767294229,0.87,7.59,27.2,33.98,RN_CTR_2744_7.1Hz,RN,CTR,2744,7.1Hz
18713045,-72.8249949132328,51.2849964177843,124.109991331017,263.699981580767,-34.0499976216349,0.0824957911384307,1.02172222222222,0.0807418976940761,1.68,12.3,40.83,51.11,RN_CTR_2744_7.1Hz,RN,CTR,2744,7.1Hz
18716030,-86.5214939565433,61.129995730119,147.651489686662,290.349979719288,-75.7499947089235,0.042426406871193,0.925111111111111,0.0458608769926419,0.52,6.73,34.11,46.26,RN_CTR_2744_7.1Hz,RN,CTR,2744,7.1Hz
18716034,-85.6119940200712,58.1949959351264,143.806989955198,292.249979586574,-85.0499940593268,0.0282842712474619,0.433,0.0653216426038381,0.45,2.72,13.64,21.66,RN_CTR_2744_7.1Hz,RN,CTR,2744,7.1Hz
18716043,-88.1194938449243,58.1299959396666,146.249489784591,297.899979191925,-53.5499962595758,0.0377123616632826,0.710555555555555,0.0530744730210388,0.93,9.99,28.45,35.51,RN_CTR_2744_7.1Hz,RN,CTR,2744,7.1Hz
18716047,-78.0544945479564,39.9099972123188,117.964491760275,270.249981123256,-17.6499987671618,0.0471404520791032,0.87,0.0541844276771301,2.1,9.01,31.08,43.51,RN_CTR_2744_7.1Hz,RN,CTR,2744,7.1Hz
18716052,-85.6429940179058,50.3899964802993,136.032990498205,368.199974281532,-23.1499983829915,0.0306412938514168,0.826611111111111,0.0370685724393778,2.03,11.18,31.53,41.3,RN_CTR_2744_7.1Hz,RN,CTR,2744,7.1Hz
18716056,-70.0579951065055,57.2449960014831,127.302991107989,234.149983644811,-33.5999976530671,0.0659966329107444,2.07477777777778,0.0318090128097627,2.37,23.68,86.9,103.77,RN_CTR_2744_7.1Hz,RN,CTR,2744,7.1Hz
18711000,-71.6374949961787,59.7049958296541,131.342490825833,143.849989952196,-54.7999961722654,0.0377123616632827,0.579666666666667,0.0650587032719081,0.599999999999999,6.76,20.81,28.96,RN_CTR_DMSO_1Hz,RN,CTR,DMSO,1Hz
18711005,-70.6834950628148,54.3749962019503,125.058491264765,284.249980145374,-23.9999983236194,0.0494974746830583,0.566611111111111,0.0873570491513922,1.23000000000001,6.67,17.69,28.34,RN_CTR_DMSO_1Hz,RN,CTR,DMSO,1Hz
18711019,-75.9404946956176,49.0299965752942,124.970491270912,329.649976974211,-31.7083311185317,0.051854497287013,0.666333333333333,0.0778206562586489,0.909999999999995,4.62,20.21,33.32,RN_CTR_DMSO_1Hz,RN,CTR,DMSO,1Hz
18711023,-73.3659948754443,62.2299956532849,135.595990528729,201.249985942853,-82.3999942444256,0.0494974746830581,0.388055555555555,0.12755254750108,0.479999999999999,1.18,9.9,19.35,RN_CTR_DMSO_1Hz,RN,CTR,DMSO,1Hz
18711027,-77.8189945644059,50.7199964572491,128.538991021655,378.89997353415,-38.4499973142985,0.0494974746830579,0.699166666666667,0.0707949578303569,0.849999999999998,6.07,23.96,34.97,RN_CTR_DMSO_1Hz,RN,CTR,DMSO,1Hz
18711031,-68.7799951957727,53.1449962878648,121.924991483638,344.599975929952,-27.199998100102,0.0377123616632827,0.805444444444444,0.0468218036928604,1.09,6.12,28.9,40.24,RN_CTR_DMSO_1Hz,RN,CTR,DMSO,1Hz
18712004,-75.9079946978877,55.2949961376891,131.202990835577,360.549974815882,-20.8499985436449,0.0683536555146987,0.859166666666667,0.0795580859530926,3.29,14.93,32.96,43,RN_CTR_DMSO_1Hz,RN,CTR,DMSO,1Hz
18712008,-74.3674948054904,66.5099953543304,140.877490159821,367.949974298995,-44.0999969196498,0.0919238815542511,0.772166666666667,0.119046684507988,1.45,12.04,30.09,38.62,RN_CTR_DMSO_1Hz,RN,CTR,DMSO,1Hz
18712010,-78.2289945357677,58.914995884835,137.143990420603,362.136338341427,-54.6999961792499,0.028284271247462,0.386444444444444,0.0731910411808964,0.609999999999999,3.56,13.21,19.32,RN_CTR_DMSO_1Hz,RN,CTR,DMSO,1Hz
18712017,-73.9149948370971,54.3149962061413,128.229991043238,365.099974498069,-29.3499979499266,0.0636396103067895,0.7345,0.0866434449377665,1.1,6.14,26.39,36.76,RN_CTR_DMSO_1Hz,RN,CTR,DMSO,1Hz
18712021,-69.0399951776119,63.549995561084,132.589990738696,349.599975580731,-38.5499973073118,0.0707106781186551,0.656222222222222,0.107754165775126,1.32,7.84,23.87,32.8,RN_CTR_DMSO_1Hz,RN,CTR,DMSO,1Hz
18712026,-74.0784948256768,55.884996096478,129.963490922155,358.099974987012,-16.4999988474882,0.0259272486435064,0.610277777777778,0.0424843400621863,2.88,10.95,24.32,30.5,RN_CTR_DMSO_1Hz,RN,CTR,DMSO,1Hz
18712032,-74.160494819949193,52.8549963081211,127.01549112807,339.849976261748,-12.2999991408551,0.117851130197758,0.976222222222222,0.12072162210105,4.64,19.36,40.4,48.91,RN_CTR_DMSO_1Hz,RN,CTR,DMSO,1Hz
18712036,-72.979494902441,64.0299955275564,137.009490429997,359.399974896205,-44.0499969231441,0.047140452079103,0.723,0.0652011785326459,2.04,11.58,28.24,36.17,RN_CTR_DMSO_1Hz,RN,CTR,DMSO,1Hz
18712040,-74.7749947770268,59.3399958551491,134.114990632176,383.449973216323,-32.5999977229162,0.0329983164553722,0.465888888888889,0.0708287259953136,1.04,5.1,16.12,23.32,RN_CTR_DMSO_1Hz,RN,CTR,DMSO,1Hz
18712044,-72.2909949505322,68.774995196122,141.065990146654,297.799979198907,-54.949996161787404,0.0636396103067893,0.732611111111111,0.0868668374552369,0.699999999999999,7.92,26.56,36.55,RN_CTR_DMSO_1Hz,RN,CTR,DMSO,1Hz
18713000,-76.7649946380269,61.414995710212,138.179990348239,530.249962962472,-47.5999966751796,0.0329983164553729,0.452555555555555,0.0729155040752164,1.26,7.57,17.9,22.64,RN_CTR_DMSO_1Hz,RN,CTR,DMSO,1Hz
18713004,-73.1684948892396,62.6499956239483,135.818490513188,446.649968801858,-29.5999979324643,0.172062650088727,1.25338888888889,0.13727794431085,3.98,27.04,53.39,62.69,RN_CTR_DMSO_1Hz,RN,CTR,DMSO,1Hz
18713008,-76.8889633793678,61.1799957266266,138.068959105994,511.649964261655,-34.1999976111583,0.0494974746830585,0.558166666666666,0.08867866470539,2.25,12.47,24,27.92,RN_CTR_DMSO_1Hz,RN,CTR,DMSO,1Hz
18713012,-75.4354947308914,65.6149954168454,141.050490147737,465.64996747472,-56.4499960570132,0.0259272486435064,0.410055555555555,0.063228624249169,0.609999999999998,3.46,14.31,20.52,RN_CTR_DMSO_1Hz,RN,CTR,DMSO,1Hz
18713017,-75.9714946934523,71.5449950026397,147.516489696092,244.199982942833,-95.9999932944792,0.0895668589502963,0.685555555555555,0.130648578695732,0.469999999999997,3.13,25.2,34.3,RN_CTR_DMSO_1Hz,RN,CTR,DMSO,1Hz
18713021,-75.6169947182138,78.0749945465245,153.691989264738,328.14997707899,-96.1999932805072,0.136707311029399,0.623111111111111,0.219394757358165,0.460000000000003,3.38,20.66,31.27,RN_CTR_DMSO_1Hz,RN,CTR,DMSO,1Hz
18713025,-80.5744943719365,64.2349955132373,144.809489885174,378.749973544615,-66.8999953270885,0.0282842712474621,0.463666666666667,0.0610013039125711,0.550000000000002,3.71,14.91,23.16,RN_CTR_DMSO_1Hz,RN,CTR,DMSO,1Hz
18716001,-79.9974944122394,50.5899964663295,130.587490878569,228.849984015018,-39.2727245295599,0.0872098363463406,0.7445,0.117138799659289,1.1,6.85,27.62,37.25,RN_CTR_DMSO_1Hz,RN,CTR,DMSO,1Hz
18716005,-84.3124941108402,55.3849961314026,139.697490242243,387.99997289851,-33.6363612868911,0.0235702260395516,0.355666666666667,0.0662705511889923,0.909999999999999,4.31,12.48,17.8,RN_CTR_DMSO_1Hz,RN,CTR,DMSO,1Hz
18716009,-80.3824943853475,76.6949946429164,157.077489028264,0.574999959836813,-90.7999936576955,0.0730677007226103,0.581277777777778,0.125701864953358,0.55,5.2,20.29,29.06,RN_CTR_DMSO_1Hz,RN,CTR,DMSO,1Hz
18716016,-77.5174945854654,61.0099957385009,138.527490323966,426.899970181375,-28.5909070938572,0.0400693842672383,0.583277777777778,0.0686969155929411,1.1,5.18,20.06,29.16,RN_CTR_DMSO_1Hz,RN,CTR,DMSO,1Hz
18716020,-87.499462638233,59.3349958554983,146.834458493731,366.349974410747,-54.999996158294,0.0235702260395518,0.365111111111111,0.0645563099074759,0.669999999999999,3.75,11.77,18.25,RN_CTR_DMSO_1Hz,RN,CTR,DMSO,1Hz
18716023,-81.9989942724363,63.3899955722599,145.388989844696,346.99997576233,-67.3499952956571,0.0400693842672378,0.546944444444444,0.0732604283199878,0.579999999999998,3.88,18.39,27.36,RN_CTR_DMSO_1Hz,RN,CTR,DMSO,1Hz
18711001,-74.7249635305215,62.654995623599,137.379959154121,190.249986711189,-53.399996270052704,0.0471404520791033,0.639888888888889,0.0736697462601025,0.690000000000001,7.94,22.41,31.97,RN_CTR_DMSO_2Hz,RN,CTR,DMSO,2Hz
18711006,-69.9614951132459,82.8049942161378,152.766489329384,236.949983449235,-90.9999936437224,0.0400693842672379,0.570611111111111,0.0702218787664573,0.400000000000002,4.45,17.16,28.54,RN_CTR_DMSO_2Hz,RN,CTR,DMSO,2Hz
18711020,-78.3329945285034,50.7849964527089,129.117990981212,351.849975423564,-35.2999975343238,0.0471404520791033,0.574222222222222,0.0820944405402341,0.830000000000001,4.59,18.93,28.72,RN_CTR_DMSO_2Hz,RN,CTR,DMSO,2Hz
18711024,-75.007994760752,65.0449954566594,140.052990217411,211.249985244359,-83.7999941466385,0.0377123616632827,0.342444444444444,0.110126948400242,0.500000000000002,1.17,8.56,17.15,RN_CTR_DMSO_2Hz,RN,CTR,DMSO,2Hz
18711028,-78.1489945413557,49.7599965243043,127.90899106566,358.399974966052,-31.8999977718108,0.0447834294751481,0.720611111111111,0.062146459837535,1.01,6.73,24.71,36.07,RN_CTR_DMSO_2Hz,RN,CTR,DMSO,2Hz
18711032,-72.0914949644671,52.7649963144075,124.856491278875,356.549975095271,-32.8999977019617,0.0518544972870137,0.732111111111111,0.0708287259953139,1.02,6.58,27.08,36.56,RN_CTR_DMSO_2Hz,RN,CTR,DMSO,2Hz
18712005,-76.3699946656174,54.0749962229051,130.444990888522,355.749975151146,-25.8999981909061,0.0542115198909686,0.813166666666667,0.0666671693678646,2.8,13.29,30.82,40.73,RN_CTR_DMSO_2Hz,RN,CTR,DMSO,2Hz
18712011,-78.4384945211343,60.1049958017145,138.543490322849,359.499974889218,-63.1499955890237,0.030641293851417,0.398833333333333,0.0768273142952369,0.530000000000002,3.6,13.77,19.93,RN_CTR_DMSO_2Hz,RN,CTR,DMSO,2Hz
18712018,-74.2969948104147,54.1149962201111,128.411991030526,353.749975290844,-31.8636341379873,0.0447834294751478,0.762611111111111,0.0587238093212399,1.1,6.64,27.74,38.12,RN_CTR_DMSO_2Hz,RN,CTR,DMSO,2Hz
18712022,-71.1794950281696,70.7649950571221,141.944490085292,287.199979939313,-56.9499960220885,0.0329983164553724,0.596,0.0553663027774705,0.63,7.31,21.97,29.79,RN_CTR_DMSO_2Hz,RN,CTR,DMSO,2Hz
18712027,-74.6484947858628,58.7699958949631,133.418490680826,372.499973981177,-29.4499979429415,0.0400693842672381,0.5505,0.0727872557079711,2.14,9.82,22.07,27.52,RN_CTR_DMSO_2Hz,RN,CTR,DMSO,2Hz
18712033,-75.4129947324631,52.7099963182492,128.122991050712,367.599974323438,-15.2999989313075,0.0659966329107439,0.949888888888889,0.0694782660190309,4.4,18.33,39.84,47.47,RN_CTR_DMSO_2Hz,RN,CTR,DMSO,2Hz
18712037,-72.0049637205113,77.819994564336,149.824958284847,289.549979775168,-101.899992882368,0.0447834294751481,0.830388888888889,0.0539306704056109,0.61,10.97,31.79,41.51,RN_CTR_DMSO_2Hz,RN,CTR,DMSO,2Hz
18712041,-74.629994787155,60.5749957688853,135.20499055604,367.999974295499,-39.0499972723887,0.0542115198909684,0.485055555555555,0.11176352743528,0.95,5.3,16.79,24.23,RN_CTR_DMSO_2Hz,RN,CTR,DMSO,2Hz
18713001,-76.7064946421131,60.6049957667899,137.311490408903,472.199967017214,-47.8499966577156,0.0259272486435073,0.549833333333333,0.0471547413946783,1.59,9.14,21.96,27.49,RN_CTR_DMSO_2Hz,RN,CTR,DMSO,2Hz
18713005,-71.805494984444,66.1099953822701,137.915490366714,380.549973418892,-40.2999971850778,0.193275853524323,1.774,0.108949184624759,3.48,42.35,77.84,88.7,RN_CTR_DMSO_2Hz,RN,CTR,DMSO,2Hz
18713009,-77.4789945881546,62.8749956082322,140.353990196387,489.149965833262,-56.3999960605048,0.0353553390593275,0.585833333333333,0.0603505076403883,2.03,12.92,25.21,29.27,RN_CTR_DMSO_2Hz,RN,CTR,DMSO,2Hz
18713013,-75.9329946961415,68.3249952275541,144.257989923696,420.649970617933,-75.1499947508331,0.0235702260395527,0.418888888888889,0.0562684441262531,0.47,3.41,14.76,20.94,RN_CTR_DMSO_2Hz,RN,CTR,DMSO,2Hz
18713018,-78.9054944885148,65.0599954556117,143.965489944126,458.999967939215,-76.5499946530448,0.0848528137423852,0.695111111111111,0.122070863759825,0.479999999999998,3.97,26.6,34.84,RN_CTR_DMSO_2Hz,RN,CTR,DMSO,2Hz
18713022,-77.341994597724,75.1449947511826,152.486989348907,324.799977312984,-92.9999935040257,0.101351971970071,0.668166666666667,0.151686662963439,0.5,3.72,22.43,33.42,RN_CTR_DMSO_2Hz,RN,CTR,DMSO,2Hz
18713026,-83.2004941885125,57.3249959958952,140.525490184408,381.799973331581,-51.3499964132435,0.0259272486435066,0.517277777777778,0.0501224869061453,0.649999999999999,4.31,17.26,25.84,RN_CTR_DMSO_2Hz,RN,CTR,DMSO,2Hz
18716002,-80.2119943972568,50.0249965057943,130.236990903051,227.249984126772,-38.4999973108068,0.0683536555146996,0.731166666666667,0.0934857381099151,1.2,6.9,26.18,36.57,RN_CTR_DMSO_2Hz,RN,CTR,DMSO,2Hz
18716006,-82.2924942519356,55.1549961474679,137.447490399403,354.299975252429,-27.5999980721624,0.0164991582276863,0.3875,0.042578472845642,1.14,4.97,13.72,19.37,RN_CTR_DMSO_2Hz,RN,CTR,DMSO,2Hz
18716010,-77.9214945572463,73.4549948692278,151.376489426474,0.576923036625594,-69.7999951245281,0.0518544972870136,0.574444444444444,0.0902689507897721,0.690000000000001,5.73,20.46,28.74,RN_CTR_DMSO_2Hz,RN,CTR,DMSO,2Hz
18716017,-77.4234945920313,64.4799954961242,141.903490088155,393.149972538792,-47.9499966507315,0.0424264068711926,0.575,0.0737850554281611,0.830000000000001,5.05,19.9,28.72,RN_CTR_DMSO_2Hz,RN,CTR,DMSO,2Hz
18716021,-88.8644937928867,61.0549957353577,149.919489528244,338.499976356054,-71.6999949918146,0.0212132034355969,0.398722222222222,0.0532029624969687,0.55,3.98,13.01,19.94,RN_CTR_DMSO_2Hz,RN,CTR,DMSO,2Hz
18716024,-83.1809941898745,63.7749955453679,146.955989735242,266.499981385189,-75.6499947159091,0.0589255650988791,0.559944444444444,0.105234663337615,0.500000000000001,3.9,19.35,27.97,RN_CTR_DMSO_2Hz,RN,CTR,DMSO,2Hz
18711002,-79.8829944202372,63.4649955670212,143.347989987258,266.499981385189,-70.3999950826167,0.016499158227686,0.605944444444444,0.0272288299347528,0.519999999999998,7.29,22.57,30.31,RN_CTR_DMSO_4Hz,RN,CTR,DMSO,4Hz
18711007,-70.1154951024891,64.1699955177775,134.285490620267,146.181807971136,-52.2999963468873,0.0306412938514173,0.681277777777778,0.0449762121279876,0.689999999999999,6.99,21.89,34.06,RN_CTR_DMSO_4Hz,RN,CTR,DMSO,4Hz
18711021,-78.5549945129969,50.4449964764576,128.999990989455,343.549976003315,-37.9545428034511,0.0235702260395517,0.535777777777778,0.0439925413430039,0.8,4.47,18.11,26.78,RN_CTR_DMSO_4Hz,RN,CTR,DMSO,4Hz
18711025,-77.54749458337,62.4399956386166,139.987490221987,218.749984720491,-79.1499944714369,0.0282842712474613,0.417333333333333,0.0677738128932779,0.51,1.42,11.35,20.88,RN_CTR_DMSO_4Hz,RN,CTR,DMSO,4Hz
18711029,-78.3909945244522,48.1849966343168,126.575991158769,358.099974987003,-31.3636341729118,0.028284271247462,0.775888888888889,0.0364540228021134,1.1,7.38,28.24,38.82,RN_CTR_DMSO_4Hz,RN,CTR,DMSO,4Hz
18711033,-76.6299946474566,49.3849965504978,126.014991197954,366.849974375826,-31.3999978067356,0.0471404520791032,0.664444444444444,0.0709471686809245,1.12,6.99,25.33,33.25,RN_CTR_DMSO_4Hz,RN,CTR,DMSO,4Hz
18712012,-78.7664944982238,61.6099956965914,140.376490194815,333.799976684339,-70.5999950686465,0.0164991582276859,0.4185,0.0394245118941121,0.499999999999998,3.61,14.46,20.92,RN_CTR_DMSO_4Hz,RN,CTR,DMSO,4Hz
18712019,-75.2699947424515,53.5849962571312,128.854990999583,324.199977354891,-44.7499968742485,0.032998316455372,0.783,0.0421434437488787,1.18,6.96,28.14,39.15,RN_CTR_DMSO_4Hz,RN,CTR,DMSO,4Hz
18712028,-74.9069947678068,62.4849956354734,137.39199040328,347.54997572392,-41.1999971222135,0.035355339059327,0.606166666666667,0.058326102379973,1.88,10.82,24.44,30.3,RN_CTR_DMSO_4Hz,RN,CTR,DMSO,4Hz
18712038,-73.7774948467014,71.1299950316271,144.907489878329,306.9999785563,-88.4999938183462,0.0494974746830587,0.8135,0.0608450825851982,0.800000000000001,11.61,31.67,40.71,RN_CTR_DMSO_4Hz,RN,CTR,DMSO,4Hz
18713002,-78.6324945075836,60.7899957538678,139.422490261451,454.999968218616,-79.7999944260342,0.0259272486435073,0.569055555555556,0.0455618935451656,1.41,9.34,22.84,28.46,RN_CTR_DMSO_4Hz,RN,CTR,DMSO,4Hz
18713010,-78.6509945062914,61.9499956728427,140.600990179134,455.749968166231,-73.6499948556068,0.0424264068711929,0.606555555555556,0.0699464484046045,2.04,13.05,26.11,30.31,RN_CTR_DMSO_4Hz,RN,CTR,DMSO,4Hz
18713014,-76.2114946766885,64.8749954685338,141.086490145222,418.349970778596,-64.6499954842501,0.0235702260395521,0.483222222222222,0.0487771980583971,0.530000000000001,3.91,16.95,24.16,RN_CTR_DMSO_4Hz,RN,CTR,DMSO,4Hz
18713019,-80.624494368444,64.4249954999659,145.04948986841,419.799970677309,-81.4499943107838,0.0683536555147001,0.716277777777778,0.0954289769072056,0.42,3.99,27.35,35.81,RN_CTR_DMSO_4Hz,RN,CTR,DMSO,4Hz
18713023,-79.9099944183512,67.4899952858782,147.399989704229,330.499976914842,-83.6999941536228,0.0754247233265648,0.705,0.106985423158248,0.450000000000001,4.09,24.02,35.19,RN_CTR_DMSO_4Hz,RN,CTR,DMSO,4Hz
18713027,-84.5454940945653,56.7549960357092,141.300490130275,353.749975290848,-54.8499961687721,0.028284271247462,0.585,0.0483491816195931,0.6,4.56,19.35,29.25,RN_CTR_DMSO_4Hz,RN,CTR,DMSO,4Hz
18716003,-82.3794942458587,44.5999968847261,126.979491130585,399.549972091754,-29.099997967389,0.056568542494924,0.613222222222222,0.0922480308850002,1.36,6.9,22.89,30.62,RN_CTR_DMSO_4Hz,RN,CTR,DMSO,4Hz
18716007,-82.6099942297584,57.6299959745912,140.23999020435,365.899974442185,-40.4499971746002,0.0141421356237306,0.393444444444444,0.0359444283009251,0.899999999999999,4.92,14.08,19.68,RN_CTR_DMSO_4Hz,RN,CTR,DMSO,4Hz
18716011,-77.3864945946157,73.389994873768,150.776489468384,0.67647054098441906,-73.5499948625917,0.0471404520791035,0.596,0.0790947182535294,0.61,5.58,21.39,29.77,RN_CTR_DMSO_4Hz,RN,CTR,DMSO,4Hz
18716018,-78.5169945156512,58.5149959127747,137.031990428426,392.299972598158,-34.1499976146503,0.0164991582276858,0.636944444444444,0.0259036064630044,1.13,6.12,22.66,31.83,RN_CTR_DMSO_4Hz,RN,CTR,DMSO,4Hz
18716022,-89.6514937379154,62.2799956497925,151.931489387708,308.79997843057,-85.9499939964617,0.0282842712474621,0.448,0.0631345340345137,0.510000000000001,4.4,14.85,22.41,RN_CTR_DMSO_4Hz,RN,CTR,DMSO,4Hz
18716025,-84.2874941125864,63.3099955778478,147.597489690434,262.449981668079,-76.599994649553,0.0329983164553719,0.598,0.055181131196274,0.499999999999998,4.24,20.89,29.88,RN_CTR_DMSO_4Hz,RN,CTR,DMSO,4Hz
18711003_errore_dvdtmax,-82.0194942710044,61.2699957203401,143.289489991345,273.049980927677,-82.1999942583962,0.0235702260395516,0.629222222222222,0.0374593032590437,0.570000000000001,7.29,23.99,31.47,RN_CTR_DMSO_7.1Hz,RN,CTR,DMSO,7.1Hz
18711008,-72.6249949272026,52.44999633641,125.074991263613,170.799988069757,-33.7999976390972,0.0282842712474616,0.659111111111111,0.0429127513869108,1.07,7.86,22.24,32.94,RN_CTR_DMSO_7.1Hz,RN,CTR,DMSO,7.1Hz
18711022,-76.9404946257684,48.5749966070756,125.515491232844,296.199979310668,-36.1499974749517,0.016499158227686,0.512611111111111,0.0321865013653786,0.8,4.21,16.76,25.63,RN_CTR_DMSO_7.1Hz,RN,CTR,DMSO,7.1Hz
18711026,-79.2789944624261,60.479995775521,139.758990237947,221.599984521419,-77.6999945727179,0.0235702260395517,0.448888888888889,0.052507929296031,0.520000000000001,1.68,13.22,22.43,RN_CTR_DMSO_7.1Hz,RN,CTR,DMSO,7.1Hz
18711030,-80.2739943929261,47.2499966996258,127.523991092552,361.799974728568,-34.3499976006804,0.016499158227686,0.731833333333333,0.0225449668335495,1,7.01,27.24,36.59,RN_CTR_DMSO_7.1Hz,RN,CTR,DMSO,7.1Hz
18711034,-78.5174945156162,47.4149966881007,125.932491203717,356.453100102039,-29.5499979359565,0.0188561808316412,0.675444444444444,0.0279167013464009,1.18,7.24,25.99,33.76,RN_CTR_DMSO_7.1Hz,RN,CTR,DMSO,7.1Hz
18712013,-81.101994335091,61.5349957018301,142.636990036921,278.099980574939,-77.5999945797028,0.0164991582276861,0.425944444444444,0.0387354699489174,0.44,3.29,14.12,21.3,RN_CTR_DMSO_7.1Hz,RN,CTR,DMSO,7.1Hz
18712020,-79.7609944287588,45.2499968393242,125.010991268083,335.799976544641,-26.049998180429,0.0212132034355959,0.692166666666666,0.0306475368681857,1.35,7.24,26.13,34.64,RN_CTR_DMSO_7.1Hz,RN,CTR,DMSO,7.1Hz
18712031,-75.9044946981322,62.3549956445538,138.259490342686,337.549976422404,-42.5999970244245,0.0306412938514172,0.608833333333333,0.0503278847819609,1.8,11.14,24.76,30.45,RN_CTR_DMSO_7.1Hz,RN,CTR,DMSO,7.1Hz
18712039,-72.9964949012536,67.0949953134686,140.091490214722,316.69997787876,-77.3499945971648,0.0212132034355961,0.978944444444444,0.0216694660825566,1.47,13.71,39.38,48.94,RN_CTR_DMSO_7.1Hz,RN,CTR,DMSO,7.1Hz
18713003,-78.8444944927756,63.1753080872556,142.019802580031,390.09997275183,-116.899991834631,0.0188561808316416,0.621,0.0303642203408078,1,9.74,24.91,31.05,RN_CTR_DMSO_7.1Hz,RN,CTR,DMSO,7.1Hz
18713011,-78.2564945338469,62.8599956092799,141.116490143127,419.649970687787,-83.1999941885484,0.0329983164553722,0.676,0.0488140775967044,1.78,14.69,29.46,33.84,RN_CTR_DMSO_7.1Hz,RN,CTR,DMSO,7.1Hz
18713015,-75.5929947198902,63.0749955942624,138.667990314153,360.699974805401,-64.4499954982194,0.0188561808316412,0.524666666666667,0.0359393535545893,0.6,4.06,18.31,26.24,RN_CTR_DMSO_7.1Hz,RN,CTR,DMSO,7.1Hz
18713020,-84.0699941277786,70.6699950637578,154.739989191536,358.699974945097,-104.249992718221,0.0306412938514175,0.551388888888889,0.0555711122746111,0.4,2.81,18.77,27.55,RN_CTR_DMSO_7.1Hz,RN,CTR,DMSO,7.1Hz
18713028,-85.6244940191981,53.8899962358272,139.514490255025,343.599975999817,-51.4090873182073,0.0235702260395514,0.653111111111111,0.0360891518128552,0.7,4.88,21.79,32.65,RN_CTR_DMSO_7.1Hz,RN,CTR,DMSO,7.1Hz
18716004,-85.1659940512239,42.1899970530627,127.355991104287,399.149972119695,-26.0499981804286,0.0282842712474619,0.474555555555556,0.0596016017858012,1.39,6.01,17.39,23.75,RN_CTR_DMSO_7.1Hz,RN,CTR,DMSO,7.1Hz
18716008,-84.0814941269753,57.0199960171992,141.101490144175,353.449975311805,-52.2999963468871,0.00707106781186591,0.427722222222222,0.016531915912922,0.84,5.15,15.42,21.4,RN_CTR_DMSO_7.1Hz,RN,CTR,DMSO,7.1Hz
18716012,-74.6374947866311,72.3549949460619,146.992489732693,0.545454507355041,-67.2999952991491,0.0518544972870127,0.694333333333333,0.0746824252813433,0.770000000000001,5.7,24.49,34.74,RN_CTR_DMSO_7.1Hz,RN,CTR,DMSO,7.1Hz
18716019,-79.1909944685728,56.3999960605057,135.590990529079,350.89997548992,-42.2499970488715,0.0282842712474621,0.643555555555555,0.0439500071179488,1.33,6.55,22.5,32.19,RN_CTR_DMSO_7.1Hz,RN,CTR,DMSO,7.1Hz
18716026,-84.509994097045,61.2949957185939,145.804989815639,277.999980581926,-71.2698813854922,0.0377123616632831,0.673,0.0560361986081472,0.55,4.71,24.15,33.66,RN_CTR_DMSO_7.1Hz,RN,CTR,DMSO,7.1Hz
18703040,-73.1509948904619,43.544996958417,116.695991848879,238.199983361925,-15.8999988893981,0.122565175405668,0.826555555555555,0.148284255767041,2.74,11.31,31.45,41.33,RN_STZ_2744_1Hz,RN,STZ,2744,1Hz
18703044,-74.3659948055952,56.719996038154,131.085990843749,364.599974532981,-19.9545440607369,0.148492424049175,0.951388888888889,0.156079628197673,2.96,22.83,40.52,47.59,RN_STZ_2744_1Hz,RN,STZ,2744,1Hz
18703048,-70.1459951003587,60.5249957723778,130.670990872737,381.549973349047,-22.5454529706732,0.131993265821489,0.791888888888889,0.166681547971573,1.69,9.93,30.96,39.62,RN_STZ_2744_1Hz,RN,STZ,2744,1Hz
18703055,-68.7599951971697,56.4499960570132,125.209991254183,338.399976363031,-17.0499988090716,0.139064333633354,0.950611111111111,0.146289404792261,2.72,14.84,37.52,47.49,RN_STZ_2744_1Hz,RN,STZ,2744,1Hz
18703058,-75.2769947419626,55.3999961303549,130.676990872317,360.349974829846,-26.4999981489963,0.0636396103067897,0.514722222222222,0.123638746413623,1.3,9.03,20.43,25.75,RN_STZ_2744_1Hz,RN,STZ,2744,1Hz
18703063,-74.0769948257816,59.5999958369883,133.67699066277,382.649973272206,-16.2999988614586,0.0730677007226103,0.779166666666667,0.0937767282001415,5.34,21.19,34.2,39,RN_STZ_2744_1Hz,RN,STZ,2744,1Hz
18704026,-66.328495367008,55.3899961310534,121.718491498061,274.999980791478,-11.3499992072114,0.0989949493661171,1.39477777777778,0.070975427730029,6.02,31.08,58.73,69.77,RN_STZ_2744_1Hz,RN,STZ,2744,1Hz
18704032,-74.4864947971783,52.7999963119628,127.286491109141,334.849976610995,-12.6818172960037,0.0989949493661167,0.864555555555555,0.114503861238279,4.49,19.39,36.35,43.15,RN_STZ_2744_1Hz,RN,STZ,2744,1Hz
18704038,-73.7334948497748,56.4799960549178,130.213490904693,366.699974386305,-12.6499991164076,0.075424723326566,0.732777777777778,0.102929872621546,4.08,16.86,30.82,36.6,RN_STZ_2744_1Hz,RN,STZ,2744,1Hz
18704042,-72.5474949326159,81.5999943003061,154.147489232922,298.49997915002,-62.8031206132517,0.172062650088726,1.06938888888889,0.160898109075644,0.640000000000001,22.68,45.39,53.53,RN_STZ_2744_1Hz,RN,STZ,2744,1Hz
18704046,-74.4429948002168,57.1299960095158,131.572990809733,357.59997502193,-49.3499965529421,0.0518544972870137,0.363888888888889,0.142500908575,0.609999999999998,3.4,12.1,18.22,RN_STZ_2744_1Hz,RN,STZ,2744,1Hz
18704051,-72.8194949136169,69.4699951475768,142.289490061194,276.099980714643,-56.5499960500293,0.0542115198909692,0.721944444444444,0.0750909856127315,0.699999999999999,12.37,29.18,36.08,RN_STZ_2744_1Hz,RN,STZ,2744,1Hz
18704055,-73.496494866329,56.0799960828574,129.576490949186,355.849975144161,-16.6968738337371,0.103708994574027,0.919666666666667,0.11276802599568,4.27,17.89,38.19,45.93,RN_STZ_2744_1Hz,RN,STZ,2744,1Hz
18704059,-76.4704946585975,49.6799965298923,126.15049118849,320.699977599367,-8.03846097698158,0.197989898732233,1.45377777777778,0.136189933398815,9.23,35.46,61.86,72.79,RN_STZ_2744_1Hz,RN,STZ,2744,1Hz
18710036,-74.3604948059793,48.5549966084726,122.915491414452,311.999978207056,-24.149998313142,0.0494974746830585,0.577055555555555,0.085775926089829,1.33,6.44,20.8,28.91,RN_STZ_2744_1Hz,RN,STZ,2744,1Hz
18710041,-71.4954950060973,52.6999963189477,124.195491325045,346.299975811221,-26.5499981455034,0.120208152801713,0.8095,0.148496791601869,1.4,10.18,30.84,40.41,RN_STZ_2744_1Hz,RN,STZ,2744,1Hz
18710045,-70.3699950847125,53.8549962382719,124.224991322984,372.049974012598,-27.8499980546999,0.0730677007226105,0.620611111111111,0.117735083072866,1.14,7.31,22.41,30.99,RN_STZ_2744_1Hz,RN,STZ,2744,1Hz
18710049,-72.4274949409978,51.6299963936863,124.057491334684,327.349977134874,-23.8181801545012,0.0942809041582063,0.726555555555555,0.129764205142049,1.49,12.32,43.94,56.63,RN_STZ_2744_1Hz,RN,STZ,2744,1Hz
18703041,-73.7359948496001,46.6699967401383,120.405991589738,296.949979258284,-20.2468735857722,0.0707106781186548,0.851444444444444,0.0830479059203827,2.36,13.07,33.82,42.49,RN_STZ_2744_2Hz,RN,STZ,2744,2Hz
18703045,-72.6224949273772,58.4299959187118,131.052490846089,348.199975678508,-26.1499981734438,0.14142135623731,1.13133333333333,0.125004145171458,2.58,27.73,48.96,56.6,RN_STZ_2744_2Hz,RN,STZ,2744,2Hz
18703049,-69.6624951341308,60.8399957503753,130.502490884506,370.899974092935,-23.1499983829914,0.117851130197758,0.818,0.144072286305327,1.7,10.89,32.21,40.96,RN_STZ_2744_2Hz,RN,STZ,2744,2Hz
18703056,-66.24199537305,57.6149959756389,123.856991348689,313.449978105773,-17.199998798594,0.0919238815542508,0.9395,0.0978434077213952,2.5,15.03,37.56,47.06,RN_STZ_2744_2Hz,RN,STZ,2744,2Hz
18703059,-74.2764948118466,56.5849960475836,130.86149085943,364.949974508539,-30.1499978940469,0.0447834294751478,0.535611111111111,0.0836118380409357,1.15,9.42,21.38,26.78,RN_STZ_2744_2Hz,RN,STZ,2744,2Hz
18703064,-73.4144948720567,58.8199958914707,132.234490763527,370.499974120877,-15.2499989347999,0.122565175405668,0.929666666666667,0.131837764868055,6.85,26.01,41.27,46.37,RN_STZ_2744_2Hz,RN,STZ,2744,2Hz
18704027,-67.4469952888817,58.6249959050913,126.071991193973,256.749982066221,-22.3499984388706,0.131993265821488,1.59744444444444,0.0826277660425258,6.2,34.79,68.1,80.02,RN_STZ_2744_2Hz,RN,STZ,2744,2Hz
18704033,-73.8149948440821,51.7299963867014,125.544991230783,328.199977075501,-12.8999990989455,0.110780062385892,0.919611111111111,0.120464032075519,5.02,22.74,39.77,46.01,RN_STZ_2744_2Hz,RN,STZ,2744,2Hz
18704039,-73.7639948476444,55.9199960940333,129.683990941678,378.399973569069,-12.8999990989454,0.0542115198909686,0.765944444444444,0.070777352436167,4.52,18.62,32.77,38.25,RN_STZ_2744_2Hz,RN,STZ,2744,2Hz
18704043,-73.6384948564104,77.4649945891325,151.103489445543,292.899979541171,-57.6499959731941,0.153206469257086,1.05416666666667,0.145334200085773,0.729999999999999,21.02,44.27,52.71,RN_STZ_2744_2Hz,RN,STZ,2744,2Hz
18704047,-73.7179948508574,62.5799956288377,136.297990479695,323.349977414266,-67.8499952607326,0.032998316455372,0.420222222222222,0.0785258720513877,0.5,3.59,14.16,21.01,RN_STZ_2744_2Hz,RN,STZ,2744,2Hz
18704052,-73.2934948805084,66.8649953295339,140.158490210042,296.499979289716,-51.1499964272132,0.0612825877028347,0.785777777777778,0.0779897185132229,0.839999999999999,13.83,32.05,39.24,RN_STZ_2744_2Hz,RN,STZ,2744,2Hz
18704056,-68.2024952361106,51.5049964024175,119.707491638528,251.499982432927,-11.0999992246741,0.146135401445219,1.13966666666667,0.128226441747779,6.95,24.88,48.72,56.94,RN_STZ_2744_2Hz,RN,STZ,2744,2Hz
18704060,-74.2344948147803,44.764996873201,118.999491687981,286.04998001964,-5.6499996053521,0.108423039781937,1.64411111111111,0.0659462970897773,14.53,41.87,70.37,82.31,RN_STZ_2744_2Hz,RN,STZ,2744,2Hz
18710037,-75.0724947562467,46.8249967293117,121.897491485558,299.449979083662,-22.1499984528406,0.0424264068711926,0.533444444444444,0.0795329435202528,1.41,6.88,19.57,26.66,RN_STZ_2744_2Hz,RN,STZ,2744,2Hz
18710042,-70.9659637930846,52.3599963426964,123.325960135781,352.499975378161,-26.3999981559814,0.103708994574027,0.811,0.127877921792882,1.42,11.75,31.88,40.56,RN_STZ_2744_2Hz,RN,STZ,2744,2Hz
18710046,-69.1149951723732,53.4949962634176,122.609991435791,366.699974386302,-27.3999980861321,0.0424264068711928,0.592222222222222,0.0716393361802505,1.18,9.3,23.06,29.6,RN_STZ_2744_2Hz,RN,STZ,2744,2Hz
18710050,-74.3419948072715,51.9999963678421,126.341991175114,352.449975381652,-25.349998229323,0.108423039781937,0.757222222222222,0.143185232287224,1.4,11.23,29.83,37.9,RN_STZ_2744_2Hz,RN,STZ,2744,2Hz
18703042,-72.9734949028602,44.9799968581834,117.953491761044,251.44998243642,-20.5999985611067,0.0518544972870132,0.768111111111111,0.0675091097328394,2.09,11.33,29.8,38.39,RN_STZ_2744_4Hz,RN,STZ,2744,4Hz
18703046,-71.9219949763066,58.2699959298877,130.191990906194,331.649976834515,-29.2999979534184,0.0824957911384304,0.986611111111111,0.0836153071958864,1.94,23.46,42.34,49.24,RN_STZ_2744_4Hz,RN,STZ,2744,4Hz
18703053,-68.0869952441782,70.7649950571221,138.8519903013,322.2499774911,-53.9499962316364,0.065996632910745,0.727111111111111,0.0907655403723572,0.769999999999999,8.41,28.13,36.37,RN_STZ_2744_4Hz,RN,STZ,2744,4Hz
18703057,-59.9774645606224,45.6949968082413,105.672461368864,171.14998804531,-10.454544724304,0.0801387685344754,0.860444444444444,0.0931364820261206,3.2,13.35,33.27,43.02,RN_STZ_2744_4Hz,RN,STZ,2744,4Hz
18703060,-73.7144948511019,56.8299960304705,130.544490881572,345.14997589155,-31.3499978102279,0.0565685424949239,0.599111111111111,0.0944207868053256,1.13,9.74,23.79,29.92,RN_STZ_2744_4Hz,RN,STZ,2744,4Hz
18704028,-75.4404947305422,-39.9949972063817,35.4454975241605,7.90909035664737,-55.999996088446,0.0306412938514169,0.250277777777778,0.122429143024529,0.200000000000001,0.4,8.05,12.5,RN_STZ_2744_4Hz,RN,STZ,2744,4Hz
18704034,-73.2289948850137,49.8199965201134,123.048991405127,310.049978343259,-13.3499990675135,0.0636396103067887,0.894277777777778,0.0711631350886623,4.79,23.52,39.04,44.73,RN_STZ_2744_4Hz,RN,STZ,2744,4Hz
18704040,-72.4229949413121,54.6999961792493,127.122991120561,349.899975559772,-13.8999990290962,0.0612825877028343,0.715333333333333,0.0856699734895168,4.26,17.44,30.74,35.76,RN_STZ_2744_4Hz,RN,STZ,2744,4Hz
18704044,-74.3109948094368,75.4799947277832,149.79098953722,274.799980805443,-54.6999961792495,0.0754247233265635,1.19255555555556,0.0632462973948636,0.79,22.51,50.1,59.62,RN_STZ_2744_4Hz,RN,STZ,2744,4Hz
18704048,-74.026994829274,61.2899957189432,135.316990548217,308.799978430569,-64.0999955226679,0.0353553390593275,0.4505,0.0784802198875194,0.54,3.93,15.55,22.48,RN_STZ_2744_4Hz,RN,STZ,2744,4Hz
18704053,-74.5369947936509,64.3599955045061,138.896990298157,316.599977885745,-47.5499966786704,0.0518544972870134,0.787666666666667,0.0658330477617605,1.06,13.67,32.15,39.3,RN_STZ_2744_4Hz,RN,STZ,2744,4Hz
18704057,-73.3574948760381,53.5849962571312,126.942491133169,339.949976254769,-16.4999988474883,0.0565685424949241,1.00288888888889,0.0564055930040236,5.24,21.39,42.82,50.12,RN_STZ_2744_4Hz,RN,STZ,2744,4Hz
18710039,-76.1119946836385,43.8999969336206,120.011991617259,296.499979289714,-24.0499983201271,0.0329983164553724,0.464555555555555,0.0710320134174483,1.34,7.53,17.99,23.19,RN_STZ_2744_4Hz,RN,STZ,2744,4Hz
18710043,-68.8104951936423,50.4649964750606,119.275491668703,325.34997727457,-25.8181800148027,0.0707106781186546,0.772111111111111,0.0915809617308809,1.31,10.46,30.32,38.53,RN_STZ_2744_4Hz,RN,STZ,2744,4Hz
18710047,-65.9489953935158,49.1399965676108,115.088991961127,303.599978793789,-24.2727255772969,0.061282587702834,0.703555555555555,0.087104120234603,1.26,11.03,27.89,35.18,RN_STZ_2744_4Hz,RN,STZ,2744,4Hz
18710051,-73.1884948878426,48.4899966130128,121.678491500855,277.349980627328,-20.541665231848,0.0612825877028336,0.732,0.0837193821076962,1.56,9.86,27.87,36.68,RN_STZ_2744_4Hz,RN,STZ,2744,4Hz
18703043,-73.9499948346524,47.8949966545731,121.844991489225,259.049981905569,-32.7499977124389,0.0259272486435068,0.716944444444444,0.0361635393710284,1.35,10.16,28.03,35.84,RN_STZ_2744_7.1Hz,RN,STZ,2744,7.1Hz
18703047,-71.9384949751541,57.02499601685,128.963490992004,272.549980962605,-27.7999980581924,0.0518544972870137,0.835,0.0621011943557051,1.72,13.68,33.37,41.72,RN_STZ_2744_7.1Hz,RN,STZ,2744,7.1Hz
18703054,-68.3779952238521,69.5399951426873,137.917990366539,299.399979087153,-54.9999961582949,0.0329983164553722,0.715666666666666,0.0461084999376416,0.7,7.88,27.51,35.76,RN_STZ_2744_7.1Hz,RN,STZ,2744,7.1Hz
18703061,-73.3829948742569,55.3449961341966,128.727991008454,317.849977798433,-31.699997785781,0.0377123616632826,0.655666666666667,0.0575175826079551,1.1,9.9,25.94,32.76,RN_STZ_2744_7.1Hz,RN,STZ,2744,7.1Hz
18704029,-74.4469947999374,-38.279997326173,36.1669974737644,8.84999938183473,-55.9999960884451,0.0518544972870135,0.292111111111111,0.177516346741393,0.199999999999999,0.399999999999999,9.95,14.64,RN_STZ_2744_7.1Hz,RN,STZ,2744,7.1Hz
18704035,-72.8784949094958,45.2899968365302,118.168491746026,251.699982418959,-12.1999991478399,0.0447834294751478,0.789833333333333,0.0566998474047029,4.33,17.86,33.54,39.49,RN_STZ_2744_7.1Hz,RN,STZ,2744,7.1Hz
18704041,-67.4519952885325,51.534996400322,118.986991688854,298.199979170971,-13.2499990744982,0.0494974746830585,0.824277777777778,0.0600495076022817,4.15,16.65,34.17,41.22,RN_STZ_2744_7.1Hz,RN,STZ,2744,7.1Hz
18704045,-66.1254953811874,63.569995559687,129.695490940874,163.349988590135,-37.9999973457306,0.0518544972870139,1.02311111111111,0.0506831532996443,1.96,23.74,44.27,51.17,RN_STZ_2744_7.1Hz,RN,STZ,2744,7.1Hz
18704049,-73.7629948477142,56.4649960559655,130.22799090368,272.599980959111,-56.4499960570131,0.0259272486435068,0.441611111111111,0.0587105894556701,0.6,4.13,15.39,22.09,RN_STZ_2744_7.1Hz,RN,STZ,2744,7.1Hz
18704054,-75.1294947522653,58.7899958935661,133.919490645831,294.899979401473,-38.3181791416877,0.0353553390593277,0.795611111111111,0.0444379654401158,1.4,13.26,32.08,39.75,RN_STZ_2744_7.1Hz,RN,STZ,2744,7.1Hz
18704058,-73.5324948638144,50.7899964523597,124.322491316174,287.199979939312,-14.0499990186189,0.049497474683058,1.03305555555556,0.0479136619680045,5.74,21.81,44.34,51.7,RN_STZ_2744_7.1Hz,RN,STZ,2744,7.1Hz
18710040,-74.6929947827545,38.0849973397936,112.777992122548,250.249982520242,-21.0999985261821,0.0235702260395518,0.517222222222222,0.0455707914835587,1.49,8.35,20.31,25.86,RN_STZ_2744_7.1Hz,RN,STZ,2744,7.1Hz
18710044,-67.3169952979621,45.5449968187187,112.861992116681,269.049981207074,-22.6818165975115,0.0518544972870132,0.709,0.0731375138039679,1.4,8.68,27.35,35.46,RN_STZ_2744_7.1Hz,RN,STZ,2744,7.1Hz
18710048,-57.2524960009593,12.6199991185032,69.8724951194625,78.4999945168383,-5.27272690443156,0.0259272486435068,0.649166666666666,0.0399392790400618,3.8,12.38,25.42,32.47,RN_STZ_2744_7.1Hz,RN,STZ,2744,7.1Hz
18710052,-72.3374949472842,45.8099968002086,118.147491747493,283.499980197755,-22.9090893089094,0.0471404520791043,0.717555555555555,0.0656958917175502,1.4,11,30.9,38.79,RN_STZ_2744_7.1Hz,RN,STZ,2744,7.1Hz
18703008,-77.7329945704129,25.0799982481823,102.812992818595,83.1999941885492,-3.18181795957182,0.280485689870665,2.37494444444444,0.118102000460174,26.59,63.85,105.73,118.73,RN_STZ_DMSO_1Hz,RN,STZ,DMSO,1Hz
18703012,-69.9659951129316,54.6799961806463,124.645991293578,202.099985883477,-18.7999986868353,0.124922198009624,1.60972222222222,0.0776048167100339,12.78,49.11,72.94,80.48,RN_STZ_DMSO_1Hz,RN,STZ,DMSO,1Hz
18703016,-72.3219949483669,18.4549987109332,90.7769936593001,84.849994073296,-6.40909046142119,0.056568542494924,0.600111111111111,0.0942634479641393,4.7,10.17,23.1,30.03,RN_STZ_DMSO_1Hz,RN,STZ,DMSO,1Hz
18703019,-76.5249946547908,54.5499961897267,131.074990844517,339.899976258262,-14.4999989871868,0.249844396019247,1.71555555555556,0.145634686798784,11.06,44.34,75.56,85.78,RN_STZ_DMSO_1Hz,RN,STZ,DMSO,1Hz
18703024,-76.1449946813334,63.1999955855312,139.344990266865,304.549978727429,-54.3499962036966,0.0754247233265651,0.723666666666667,0.104225780736847,0.72,9.01,26.8,36.2,RN_STZ_DMSO_1Hz,RN,STZ,DMSO,1Hz
18703028,-74.5489947928127,20.9649985356117,95.5139933284245,121.499991513324,-11.5909082812937,0.0683536555147007,0.700166666666667,0.097624835298311,2.24,6.27,22.57,34.95,RN_STZ_DMSO_1Hz,RN,STZ,DMSO,1Hz
18703032,-77.0029946214028,59.4949958443225,136.497990465725,356.399975105749,-32.0468727615518,0.120208152801713,0.821055555555555,0.146406844199935,2.35,16.3,34.19,41.03,RN_STZ_DMSO_1Hz,RN,STZ,DMSO,1Hz
18703036,-77.6859945736958,52.0349963653974,129.720990939093,331.749976827538,-16.7499988300265,0.271057599454843,1.68361111111111,0.160997749222477,5.38,33.61,72.11,84.22,RN_STZ_DMSO_1Hz,RN,STZ,DMSO,1Hz
18704002,-72.8279949130232,49.1499965669123,121.977991479936,188.199986854382,-39.9166638785194,0.143778378841264,0.796833333333333,0.180437204151346,0.86,10.12,26.61,39.94,RN_STZ_DMSO_1Hz,RN,STZ,DMSO,1Hz
18704006,-75.7314947102161,55.4899961240685,131.221490834285,319.299977697149,-28.249998026761,0.139064333633354,0.853055555555555,0.163019082084036,1.65,13.47,33.66,42.59,RN_STZ_DMSO_1Hz,RN,STZ,DMSO,1Hz
18704011,-75.0959635046074,53.7099962484,128.805959753007,339.449976289697,-30.149997894047,0.0683536555147001,0.598833333333333,0.114144707233009,1.04,7.03,21.69,30,RN_STZ_DMSO_1Hz,RN,STZ,DMSO,1Hz
18704015,-76.1079946839179,57.6499959731942,133.757990657112,342.999976041728,-22.8499984039463,0.15556349186104,1.32,0.117851130197757,7.33,32.38,56.3,66.06,RN_STZ_DMSO_1Hz,RN,STZ,DMSO,1Hz
18704018,-75.4764947280276,51.7149963877492,127.191491115777,326.649977183769,-8.3499994167595,0.0872098363463409,0.823055555555555,0.105958626677971,5.43,17.02,33.91,41.21,RN_STZ_DMSO_1Hz,RN,STZ,DMSO,1Hz
18704022,-70.359995085411,59.3499958544506,129.709990939862,376.099973729716,-17.3499987881167,0.0565685424949241,0.532888888888889,0.106154479244019,2,9.21,20.43,26.61,RN_STZ_DMSO_1Hz,RN,STZ,DMSO,1Hz
18704025,-68.728995199335,58.6349959043928,127.363991103728,386.549972999793,-15.149998941785,0.0942809041582067,0.661888888888889,0.142442191946258,3.25,12.82,26.72,33.15,RN_STZ_DMSO_1Hz,RN,STZ,DMSO,1Hz
18710000,-75.2179947460836,53.0899962917065,128.30799103779,263.653106584043,-44.7999968707571,0.412478955692152,1.45316666666667,0.283848346616919,0.829999999999998,8.41,49.65,72.94,RN_STZ_DMSO_1Hz,RN,STZ,DMSO,1Hz
18710002,-68.7674951966458,52.7849963130105,121.552491509656,290.849979684361,-14.3846143798617,0.212132034355963,1.37866666666667,0.153867529755292,2.35,12.89,48.07,69.07,RN_STZ_DMSO_1Hz,RN,STZ,DMSO,1Hz
18710006,-81.705494292937,59.0999958719129,140.80549016485,284.249980145364,-56.2999960674914,0.131993265821489,0.843666666666667,0.15645191523685,0.67,8.53,29.99,42.25,RN_STZ_DMSO_1Hz,RN,STZ,DMSO,1Hz
18710009,-79.7314944308193,50.5449964694727,130.276490900292,383.949973181398,-24.299998302665,0.139064333633354,0.9735,0.142849854785161,1.55,11.86,38,48.7,RN_STZ_DMSO_1Hz,RN,STZ,DMSO,1Hz
18710014,-73.2294948849787,68.9749951821521,142.204490067131,267.399981322332,-58.899995885884,0.230988215187606,1.063,0.217298415040081,0.660000000000001,12.06,40.61,53.05,RN_STZ_DMSO_1Hz,RN,STZ,DMSO,1Hz
18710017,-65.6744954126894,59.3849958520059,125.059491264695,305.599978654089,-31.0999978276901,0.0801387685344757,0.666111111111111,0.120308409809888,0.979999999999997,6.3,22.84,33.32,RN_STZ_DMSO_1Hz,RN,STZ,DMSO,1Hz
18710021,-77.9914945523569,40.5049971707586,118.496491723115,253.949982261803,-26.8999981210574,0.110780062385893,0.739944444444444,0.149714026799765,1.19,7.65,25.93,36.9,RN_STZ_DMSO_1Hz,RN,STZ,DMSO,1Hz
18710026,-78.0834945459308,48.7349965958997,126.818491141831,355.799975147659,-19.2999986519109,0.240416305603425,1.37733333333333,0.174552012780802,3.62,30,58.2,68.75,RN_STZ_DMSO_1Hz,RN,STZ,DMSO,1Hz
18710031,-81.4754943090023,47.2299967010228,128.705491010025,360.499974819372,-16.7272715588864,0.0730677007226098,0.663611111111111,0.110106204521304,2.83,13.89,27.16,33.15,RN_STZ_DMSO_1Hz,RN,STZ,DMSO,1Hz
18703009,-77.7119945718798,23.1599983822928,100.871992954173,55.29999613734,-9.99999930150816,0.167348604880819,2.44772222222222,0.0683691161364248,34.79,72.74,110.87,122.46,RN_STZ_DMSO_2Hz,RN,STZ,DMSO,2Hz
18703013,-69.8449951213833,54.0599962239528,123.904991345336,174.799987790362,-21.3999985052272,0.153206469257086,1.66238888888889,0.0921604266493184,15.22,51.18,75.58,83.18,RN_STZ_DMSO_2Hz,RN,STZ,DMSO,2Hz
18703017,-73.8559635912204,25.249998236308,99.1059618275284,138.599990318903,-11.3999992037193,0.0424264068711933,0.453777777777778,0.0934959994712879,2.19,6.36,16.64,22.69,RN_STZ_DMSO_2Hz,RN,STZ,DMSO,2Hz
18703020,-77.7429945697144,56.7049960392017,134.447990608916,331.999976810067,-24.4999982886949,0.164991582276861,1.67533333333333,0.0984828386053686,8.69,44.33,74.32,83.63,RN_STZ_DMSO_2Hz,RN,STZ,DMSO,2Hz
18703025,-75.6914947130101,63.2599955813403,138.95149029435,292.199979590068,-56.5499960500285,0.0707106781186546,0.898111111111111,0.0787326615202142,0.639999999999999,9.83,33.46,44.9,RN_STZ_DMSO_2Hz,RN,STZ,DMSO,2Hz
18703029,-76.5439946534636,27.5649980746071,104.108992728071,193.949986452749,-18.8499986833429,0.0424264068711926,0.558555555555555,0.0759573626100524,1.53,5.84,19.91,27.97,RN_STZ_DMSO_2Hz,RN,STZ,DMSO,2Hz
18703033,-76.4159946624043,61.6949956906542,138.110990353059,330.199976935799,-38.1499973352535,0.127279220613578,0.995777777777778,0.127818900415332,2.19,20.29,42.13,49.84,RN_STZ_DMSO_2Hz,RN,STZ,DMSO,2Hz
18703037,-77.9659945541381,52.5599963287266,130.525990882865,333.549976701804,-23.1999983794989,0.183847763108503,1.775,0.103576204568171,5.09,39.81,77.46,88.81,RN_STZ_DMSO_2Hz,RN,STZ,DMSO,2Hz
18704003,-73.4594948689134,53.7899962428121,127.249491111726,193.849986459735,-50.2999964865857,0.0872098363463413,1.10305555555556,0.0790620525930064,0.64,11.52,40.21,55.12,RN_STZ_DMSO_2Hz,RN,STZ,DMSO,2Hz
18704007,-76.977494623184,65.11499545177,142.092490074954,290.149979733259,-58.7999958928671,0.103708994574027,0.830444444444444,0.1248837237311,0.63,12.06,32.93,41.5,RN_STZ_DMSO_2Hz,RN,STZ,DMSO,2Hz
18704012,-75.3414947374573,55.1399961485157,130.481490885973,339.64997627572,-38.2999973247758,0.0754247233265648,0.566777777777778,0.133076359525404,0.9,7.54,21.21,28.38,RN_STZ_DMSO_2Hz,RN,STZ,DMSO,2Hz
18704016,-6.87899951950742,5.7449995987164,12.6239991182238,1.24999991268853,-29.0999979673891,0.0235702260395517,0.0448888888888889,0.525079292960309,0.220000000000001,0.409999999999999,1.31,2.23,RN_STZ_DMSO_2Hz,RN,STZ,DMSO,2Hz
18704019,-77.2524946039755,52.0649963633019,129.317490967277,386.149973027734,-12.6999991129153,0.0471404520791032,0.681222222222222,0.0691998154806603,4.31,14.55,28.53,34.06,RN_STZ_DMSO_2Hz,RN,STZ,DMSO,2Hz
18704023,-69.6659951338863,59.7199958286064,129.385990962493,379.549973488741,-19.7468736206969,0.0400693842672378,0.525944444444444,0.0761855832692808,2.08,9.4,20.5,26.24,RN_STZ_DMSO_2Hz,RN,STZ,DMSO,2Hz
18710001,-75.3709947353967,52.9699963000884,128.340991035485,239.549983267627,-46.9999967170878,0.214489056959919,1.35338888888889,0.15848294508758,0.73,8.5,44.55,67.69,RN_STZ_DMSO_2Hz,RN,STZ,DMSO,2Hz
18710003,-70.4999950756321,49.5449965393219,120.044991614954,281.399980344439,-13.5454535993155,0.183847763108502,1.37322222222222,0.133880562179506,2.53,13.62,48.58,68.52,RN_STZ_DMSO_2Hz,RN,STZ,DMSO,2Hz
18710007,-77.1039946143481,36.8399974267559,113.943992041104,155.549989134959,-41.149997125706,0.174419672692682,1.24422222222222,0.140183698359898,0.75,9.12,40.26,62.23,RN_STZ_DMSO_2Hz,RN,STZ,DMSO,2Hz
18710010,-80.7164943620179,48.2549966294273,128.971490991445,361.449974753006,-24.4999982886949,0.129636243217534,1.11305555555556,0.116468798498408,1.63,13.39,44.45,55.62,RN_STZ_DMSO_2Hz,RN,STZ,DMSO,2Hz
18710015,-73.4674948683546,67.4899952858782,140.957490154233,295.799979338605,-53.9999962281439,0.162634559672907,1.1755,0.138353517373804,0.7,14.81,46.38,58.72,RN_STZ_DMSO_2Hz,RN,STZ,DMSO,2Hz
18710018,-64.7379954781031,66.0949953833178,130.832990861421,269.649981165166,-42.7499970139471,0.0942809041582065,0.637,0.148007698835489,0.800000000000001,5.92,21.48,31.8,RN_STZ_DMSO_2Hz,RN,STZ,DMSO,2Hz
18710022,-78.6374945072343,39.3749972496881,118.012491756922,251.449982436422,-27.5499980756546,0.0754247233265651,0.797,0.0946357883645736,1.22,9.16,29,39.83,RN_STZ_DMSO_2Hz,RN,STZ,DMSO,2Hz
18710027,-81.4809943086182,44.6999968777412,126.180991186359,359.69997487525,-18.4999987077902,0.139064333633355,1.20205555555556,0.115688774109183,4.12,30.94,52.12,60.04,RN_STZ_DMSO_2Hz,RN,STZ,DMSO,2Hz
18710032,-82.3429942484082,45.2499968393242,127.592991087732,371.399974058012,-17.2499987951015,0.0848528137423856,0.728,0.116556062832947,3.19,16.34,30.41,36.35,RN_STZ_DMSO_2Hz,RN,STZ,DMSO,2Hz
18703010,-75.8919946990053,-10.0899992952217,65.8019954037836,17.3999987846241,-30.2999978835693,0.221560124771784,2.2184444444444398,0.0998718382723658,37.68,72.12,101.25,111.01,RN_STZ_DMSO_4Hz,RN,STZ,DMSO,4Hz
18703014,-68.3679952245506,42.2699970474747,110.637992272025,123.599991366639,-20.506248567655,0.0707106781186544,1.37066666666667,0.0515885297558276,16.03,41.97,61.95,68.5,RN_STZ_DMSO_4Hz,RN,STZ,DMSO,4Hz
18703018,-73.4929948665735,21.9499984668103,95.4429933333838,122.699991429504,-9.64999932595547,0.0306412938514172,0.477611111111111,0.0641553203821692,2.51,7.01,17.65,23.88,RN_STZ_DMSO_4Hz,RN,STZ,DMSO,4Hz
18703021,-77.8234945640916,58.1249959400158,135.948490504107,299.799979059211,-32.5999977229162,0.127279220613578,1.429,0.0890687338093621,4.28,39.49,63.59,71.37,RN_STZ_DMSO_4Hz,RN,STZ,DMSO,4Hz
18703026,-77.434994591228,61.4049957109105,138.839990302138,290.549979705316,-58.1499959382698,0.0565685424949236,0.811777777777778,0.069684763544253,0.639999999999999,9.37,30.49,40.58,RN_STZ_DMSO_4Hz,RN,STZ,DMSO,4Hz
18703030,-75.5774947209729,17.8999987496995,93.4774934706724,143.599989969657,-13.0999990849756,0.0259272486435074,0.605277777777778,0.0428352891769742,2.01,6.77,22.47,30.25,RN_STZ_DMSO_4Hz,RN,STZ,DMSO,4Hz
18703034,-77.620494578271,60.6799957615512,138.300490339822,315.449977966072,-42.5999970244244,0.0872098363463408,0.8415,0.103636169157862,1.72,16.94,35.41,42.07,RN_STZ_DMSO_4Hz,RN,STZ,DMSO,4Hz
18703038,-75.2509947437786,44.2499969091734,119.500991652952,226.499984179159,-25.2499982363079,0.113137084989848,1.55177777777778,0.0729080456042268,4.24,36.36,67.7,77.54,RN_STZ_DMSO_4Hz,RN,STZ,DMSO,4Hz
18704004,-75.6729947143023,58.2949959281415,133.967990642444,194.049986445767,-54.4999961932192,0.0707106781186551,1.04855555555556,0.0674362724454695,0.630000000000001,11.05,37.66,52.38,RN_STZ_DMSO_4Hz,RN,STZ,DMSO,4Hz
18704008,-76.7514946389699,60.1499957985712,136.901490437541,265.049981486473,-55.4999961233695,0.0471404520791035,0.784555555555555,0.0600855500229332,0.65,11.04,30.54,39.18,RN_STZ_DMSO_4Hz,RN,STZ,DMSO,4Hz
18704013,-75.9144946974337,62.4849956354734,138.399490332907,256.899982055742,-66.0999953829686,0.0471404520791032,0.582333333333333,0.0809509766670346,0.55,6.36,21.26,29.14,RN_STZ_DMSO_4Hz,RN,STZ,DMSO,4Hz
18704020,-76.2264946756407,49.724996526749,125.95149120239,356.249975116229,-9.31818116731431,0.0494974746830582,0.7825,0.0632555587003939,5.18,17.21,33.24,39.15,RN_STZ_DMSO_4Hz,RN,STZ,DMSO,4Hz
18704024,-68.5409952124667,59.5799958383853,128.120991050852,367.849974305975,-18.9999986728652,0.044783429475148,0.628944444444444,0.0712041101097663,2.55,12.2,25.39,31.43,RN_STZ_DMSO_4Hz,RN,STZ,DMSO,4Hz
18710004,-74.6939947826846,46.8199967296609,121.513991512346,280.299980421271,-18.2999987217597,0.0895668589502963,1.01255555555556,0.0884562416934782,2.14,12.44,37.45,50.67,RN_STZ_DMSO_4Hz,RN,STZ,DMSO,4Hz
18710011,-81.2054943278616,46.1799967743644,127.385491102226,345.19997588806,-26.6999981350267,0.0989949493661172,1.02377777777778,0.0966957395588295,1.53,12.95,40.74,51.21,RN_STZ_DMSO_4Hz,RN,STZ,DMSO,4Hz
18710019,-64.8654954691974,67.4649952876244,132.330490756822,256.649982073205,-51.999996367842,0.0329983164553723,0.589222222222222,0.0560031770881294,0.649999999999999,5.69,20.41,29.44,RN_STZ_DMSO_4Hz,RN,STZ,DMSO,4Hz
18710023,-82.7364942209225,40.7949971505023,123.531491371425,255.199982174487,-35.8999974924141,0.0707106781186546,0.727111111111111,0.0972487932560959,0.960000000000001,8.42,26.68,36.3,RN_STZ_DMSO_4Hz,RN,STZ,DMSO,4Hz
18710028,-82.9459629562913,39.2099972612133,122.155960217505,322.299977487606,-16.6818170166067,0.0659966329107444,1.08477777777778,0.0608388503735224,5,28.96,47.4,54.27,RN_STZ_DMSO_4Hz,RN,STZ,DMSO,4Hz
18710033,-84.5879940915967,40.6049971637736,125.19299125537,339.89997625826,-17.6999987636696,0.051854497287014203,0.648111111111111,0.0800086534515906,2.61,12.98,26.71,32.42,RN_STZ_DMSO_4Hz,RN,STZ,DMSO,4Hz
18703015,-70.7779950562141,38.6199973024243,109.397992358638,122.799991422519,-40.8181789670647,0.0824957911384312,1.44927777777778,0.0569220010155159,13.71,38.06,64.1,72.44,RN_STZ_DMSO_7.1Hz,RN,STZ,DMSO,7.1Hz
18703022,-66.2374953733643,18.3899987154734,84.6274940888377,67.6999952712097,-29.7499979219865,0.197989898732234,1.79244444444444,0.110458039213371,16.84,39.68,82.72,99.16,RN_STZ_DMSO_7.1Hz,RN,STZ,DMSO,7.1Hz
18703027,-77.1359946121129,55.4149961293071,132.55099074142,243.699982977755,-49.7499965250032,0.0400693842672381,0.816055555555555,0.0491012946293339,0.72,8.81,30,40.82,RN_STZ_DMSO_7.1Hz,RN,STZ,DMSO,7.1Hz
18703031,-75.0269947594248,8.25999942304569,83.2869941824705,103.399992777594,-9.13636299819604,0.0235702260395518,0.610444444444444,0.0386115825183775,2.5,8.07,23.7,30.5,RN_STZ_DMSO_7.1Hz,RN,STZ,DMSO,7.1Hz
18703035,-76.758494638481,59.2349958624832,135.993490500964,272.249980983557,-41.3999971082433,0.0730677007226094,1.17105555555556,0.0623947347126036,1.75,18.99,48.84,58.49,RN_STZ_DMSO_7.1Hz,RN,STZ,DMSO,7.1Hz
18703039,-76.0019946913219,34.3349976017281,110.33699229305,182.849987228075,-31.6499977892729,0.108423039781938,1.61144444444444,0.0672831385256458,6.62,33.11,69.21,80.53,RN_STZ_DMSO_7.1Hz,RN,STZ,DMSO,7.1Hz
18704005,-74.901994768156,47.489996682862,122.391991451018,153.89998925021,-49.049996573897,0.0447834294751478,1.01683333333333,0.0440420548845906,0.729999999999999,11.34,37.51,50.86,RN_STZ_DMSO_7.1Hz,RN,STZ,DMSO,7.1Hz
18704014,-71.4199950113709,52.1549963570155,123.574991368386,187.818168699235,-53.9499962316361,0.0235702260395516,0.677111111111111,0.0348099826642541,0.6,6.06,23.49,33.87,RN_STZ_DMSO_7.1Hz,RN,STZ,DMSO,7.1Hz
18704021,-76.2784946720086,47.4599966849575,123.738491356966,353.003100343016,-9.94999930500062,0.025927248643507102,0.675611111111111,0.0383759950319158,4.66,15.24,28.73,33.79,RN_STZ_DMSO_7.1Hz,RN,STZ,DMSO,7.1Hz
18710005,-75.6509947158389,43.6599969503844,119.310991666223,255.899982125591,-16.4999988474885,0.0400693842672374,0.942944444444444,0.042493897178476,2.2,11.26,34.61,47.14,RN_STZ_DMSO_7.1Hz,RN,STZ,DMSO,7.1Hz
18710012,-82.8534942127501,47.6749966699399,130.52849088269,311.549978238487,-39.5454517832364,0.0612825877028343,0.845777777777778,0.0724570795225314,1.12,10.27,33.26,42.32,RN_STZ_DMSO_7.1Hz,RN,STZ,DMSO,7.1Hz
18710020,-64.2709955107227,64.4099955010137,128.680991011736,214.999984982425,-50.0499965040479,0.0447834294751477,0.560055555555555,0.0799624769916337,0.65,5.21,19.08,28.01,RN_STZ_DMSO_7.1Hz,RN,STZ,DMSO,7.1Hz
18710024,-85.0889940566023,36.9899974162785,122.078991472881,239.699983257149,-38.8999972828668,0.0400693842672371,0.667833333333333,0.0599990780143306,0.86,7.56,24.44,33.39,RN_STZ_DMSO_7.1Hz,RN,STZ,DMSO,7.1Hz
